,"('1970-1976', 'ave')","('1970-1976', 'max')","('1970-1976', 'min')","('1976-1982', 'ave')","('1976-1982', 'max')","('1976-1982', 'min')","('1982-1988', 'ave')","('1982-1988', 'max')","('1982-1988', 'min')","('1988-1994', 'ave')","('1988-1994', 'max')","('1988-1994', 'min')","('1994-2000', 'ave')","('1994-2000', 'max')","('1994-2000', 'min')","('2000-2006', 'ave')","('2000-2006', 'max')","('2000-2006', 'min')","('2006-2012', 'ave')","('2006-2012', 'max')","('2006-2012', 'min')","('2012-2018', 'ave')","('2012-2018', 'max')","('2012-2018', 'min')","('2018-2024', 'ave')","('2018-2024', 'max')","('2018-2024', 'min')","('2024-2030', 'ave')","('2024-2030', 'max')","('2024-2030', 'min')","('2030-2038', 'ave')","('2030-2038', 'max')","('2030-2038', 'min')","('2038-2044', 'ave')","('2038-2044', 'max')","('2038-2044', 'min')","('2050-2056', 'ave')","('2050-2056', 'max')","('2050-2056', 'min')","('2056-2062', 'ave')","('2056-2062', 'max')","('2056-2062', 'min')","('2062-2070', 'ave')","('2062-2070', 'max')","('2062-2070', 'min')","('2070-2076', 'ave')","('2070-2076', 'max')","('2070-2076', 'min')","('2076-2082', 'ave')","('2076-2082', 'max')","('2076-2082', 'min')"
AT onwind,0.3345265859577745,0.97643085282,0.0116335939151,0.34600636194384143,0.977025678663,0.0100148294017,0.32160623069326644,0.962729596744,0.0110469117798,0.3371123630174863,0.963549443316,0.0133705642772,,,,0.3318428509155554,0.97162840166,0.00823432592565,0.32939917699179555,0.968500214049,0.0101614511643,0.31457499186553495,0.979655330172,0.0090622182662,0.3258235487381059,0.970373806886,0.00762062258761,0.3342482160295281,0.972705516757,0.00840220401376,0.31395077565842305,0.976715600976,0.0099258812909,0.3391565605906055,0.977605372448,0.00746917980351,0.3159354862434326,0.974598115456,0.0101379805143,0.3173520420709335,0.967980926066,0.00911469676586,0.31133961655473813,0.976323058015,0.00902818123904,0.3167834481472362,0.964872588959,0.00922161676342,0.3183389170368005,0.968142601911,0.00885098215468
AT solar,0.13698832522357565,0.759282401874,0.0,0.13462109862766966,0.760915284897,0.0,0.1379564826226848,0.785018697504,0.0,0.13526175524091277,0.793490773837,0.0,,,,0.1337255912201356,0.757791822342,0.0,0.13378783533342906,0.759903989119,0.0,0.1327532890267079,0.806390001721,0.0,0.1324409522560381,0.74232415844,0.0,0.13176876473475524,0.764725619978,0.0,0.13212343089602754,0.773255453256,0.0,0.13078258826742875,0.745216917541,0.0,0.13004717224917017,0.743369737155,0.0,0.1285676102815358,0.7296196959,0.0,0.1296823904454525,0.78396601443,0.0,0.1289814971849734,0.744538393842,0.0,0.12762577786856355,0.732170360727,0.0
AT ror,0.5583243908866027,1.0,0.00090659480693,0.5858553869677777,1.0,0.00114609882029,0.5335662508032767,1.0,0.0005068747003,0.5918171494281024,1.0,0.00090047758792,,,,0.5930930328004782,1.0,0.00088354056529,0.59266890562905,1.0,0.00097598147257,0.6012476064852206,1.0,0.00116246920943,0.5842759767270707,1.0,0.00146624169692,0.6017942335322451,1.0,0.00152180410202,0.5941127099999579,1.0,0.00101044697495,0.6374762557066366,1.0,0.00148848045935,0.6497893445062793,1.0,0.000629899348889,0.6510839204176925,1.0,0.00117018647986,0.6470983656902328,1.0,0.000934040349107,0.5991930274137356,1.0,0.00152731947524,0.6752973979262001,1.0,0.00092585784229
BA onwind,0.2916543691865683,0.980089308951,0.00470030702482,0.30251001936262956,0.98112565236,0.00424151498243,0.28078870689862817,0.97594194282,0.00596141748028,0.29938991800117415,0.981283930858,0.00457857675176,,,,0.2862605820031731,0.98549608801,0.00723896215706,0.2821836180581763,0.982795410084,0.00501019406786,0.2750127402102374,0.979613478945,0.00467201468214,0.292617698633769,0.97129123709,0.00465876153685,0.2878563044015876,0.979232027453,0.00357110869355,0.2770929423444218,0.963609868682,0.00558746461948,0.2964173234751639,0.980933767343,0.00509997360573,0.27778123036127883,0.976958935625,0.00413807593026,0.26591954404271956,0.977399656406,0.00536306363511,0.28172352330362777,0.969201793197,0.00438128866879,0.27656063552280324,0.970228623075,0.0060500524925,0.2873422161894286,0.968064217605,0.00606762868439
BA offwind,0.24215463734140985,0.999836902877,0.000183798260496,0.24402895241397782,0.999600402482,0.00169453413585,0.2346173029554815,0.999819245969,0.00168608545074,0.24164772743059698,0.999663880156,0.00176239719386,,,,0.23521495136813572,0.999719942747,0.00168419842773,0.22720837650686984,0.999890765046,0.001700512309,0.22719358848665505,0.999662703462,0.00163180367644,0.24214120444235074,0.999798111324,0.00176223307118,0.2395387466025273,0.999543601857,0.00167570445472,0.2324988140120198,0.999751831546,0.0015489138265,0.23362358587328666,0.999833477623,0.00168233266962,0.2312737659058445,0.999571901882,0.00174570315688,0.22018494297467295,0.999677572168,0.00181117329799,0.2358778796254524,0.999749876312,0.00164538275094,0.2340187221923067,0.999737381115,0.00170314052712,0.2449021985587466,0.999649359656,0.00166056466644
BA solar,0.13676318721618608,0.788239026918,0.0,0.1339237563666924,0.772605727788,0.0,0.13586984152555975,0.779436102063,0.0,0.13272909522325607,0.80045087946,0.0,,,,0.13339918914077856,0.785328309205,0.0,0.13379372469637124,0.749630799843,0.0,0.13122275522014487,0.750048868877,0.0,0.13252100997494368,0.74138198134,0.0,0.13226632508739783,0.796920747572,0.0,0.13193526589431093,0.765030545263,0.0,0.13264173190222156,0.740168841285,0.0,0.13339977246252424,0.762980718427,0.0,0.1319404748529894,0.739127845282,0.0,0.13170535217347198,0.736622322642,0.0,0.13060300898920837,0.730145056458,0.0,0.1307970027128409,0.738327149652,0.0
BA ror,0.4632548013279854,1.0,0.0,0.5477815004694914,1.0,0.000734169513294,0.4836578470763875,1.0,0.000873100281176,0.5496860509098153,1.0,0.00107471093933,,,,0.5194670507253011,1.0,0.00142796629236,0.488959723709267,1.0,0.000909136165822,0.5566441938669416,1.0,0.0012436700713,0.5512247222426802,1.0,0.000964623164654,0.5142260887875498,1.0,0.000786104349465,0.5290425481466233,1.0,0.00112028022426,0.4843361758158104,1.0,0.000905198130161,0.4748602700255026,1.0,0.000636941158044,0.5029392954393177,1.0,0.000488398626121,0.4870173646755777,1.0,0.000916487232235,0.48386657570541586,1.0,0.000633047215044,0.46790862570590097,1.0,0.000696041786193
BE onwind,0.299891627206305,0.998921842097,0.00303507858958,0.3177328262211325,0.998910276739,0.00235976736741,0.2980968574566986,0.998673250089,0.00239011503894,0.2962456633443458,0.998581210787,0.00291765783098,,,,0.30693086997853314,0.998818054105,0.00329271850888,0.3090515432329114,0.998741934968,0.00313161820049,0.2825104603829169,0.998757299035,0.00238271143914,0.3001909869393155,0.998738842952,0.00291705887446,0.294970452186206,0.998796539986,0.00372944221806,0.2916145169221732,0.998519063725,0.00240796108967,0.3142935276622978,0.998858557634,0.00268469412375,0.30088799628200485,0.998777936071,0.00277379568004,0.29360326006439014,0.998817307673,0.00283989659254,0.2614400159167887,0.999001214008,0.00278078285413,0.2777036829543277,0.998758984035,0.00383555679529,0.2908837400890699,0.998878410288,0.00250559936556
BE offwind,0.48663275283092283,0.997663690055,0.00204689660691,0.49834376377445055,0.997595644996,0.00220998574796,0.48812756304608224,0.997959383539,0.00195222840948,0.483222180323158,0.997489474405,0.00123087435585,,,,0.49717254248669274,0.997782390141,0.00233365528554,0.5119285964754853,0.99772278064,0.00273200959539,0.47555707538316616,0.998008759204,0.00246707518685,0.48792977024171097,0.997821065688,0.00205113976204,0.4820575196010143,0.99810898438,0.00275466697565,0.48238739137462033,0.998203720608,0.00191235840611,0.5032284021096906,0.997885926395,0.00244512505235,0.48398268963890545,0.99773544802,0.00196435488958,0.4790927545822438,0.997244074174,0.00254869174374,0.44391839463854865,0.997872029719,0.00226853163695,0.4631032462891848,0.997683039064,0.00255585210419,0.4768440390038826,0.99761816549,0.00245437959854
BE solar,0.10142678834112066,0.672447889927,0.0,0.09963783948233476,0.675287742463,0.0,0.1034235063823792,0.6888555768,0.0,0.10212173202030712,0.684728197433,0.0,,,,0.09881039113561484,0.650687763363,0.0,0.09845082403334661,0.653156449838,0.0,0.10271523597112385,0.69208956685,0.0,0.09971600198903098,0.686934301203,0.0,0.09868080168094746,0.648538363054,0.0,0.09987827656011032,0.68435077899,0.0,0.0945413680835787,0.638849727808,0.0,0.10089742447290025,0.649975495925,0.0,0.09963391501962555,0.64325953437,0.0,0.1030790747438954,0.664312773328,0.0,0.10128740393185869,0.65266756871,0.0,0.10013122286755057,0.643548012282,0.0
BE ror,0.08156745916561949,0.678317216905,7.83623607337e-05,0.08333014931560033,0.641476568214,0.000121425195472,0.07400000016318374,0.590802251943,7.1378924973e-05,0.07551179246091748,0.484045117265,0.000132767415212,,,,0.08944738930232823,0.685134749127,0.000150769557943,0.07834460732439377,0.763909589572,0.00011292464747,0.07014470870458323,0.68010650366,0.000107407158064,0.08422464972857058,0.623027265051,0.00011534829223,0.07861130574875819,0.889475366668,7.6235827571e-05,0.07758390005383571,0.526062527137,0.000138326619152,0.0975809776506711,0.692028210812,0.000153099981603,0.07198894654068959,0.898597601116,8.20068111862e-05,0.07693675687174084,0.898410800996,8.04218858635e-05,0.06109005952257408,0.661745992173,9.19182086014e-05,0.06478626742986526,0.706991706436,0.000106696081527,0.07018875783815019,0.550915940372,9.87629984135e-05
BG onwind,0.21004737557752207,0.967743474876,0.00641236909013,0.21505038207824226,0.971791372666,0.00732009102648,0.21365326723084715,0.973418827617,0.00559295160515,0.2156068957240484,0.990443087188,0.00909216462929,,,,0.20621303801543156,0.977218534853,0.00707564427546,0.20960734995088984,0.986945271042,0.0080480062805,0.21043457665045354,0.96917784512,0.00724142925948,0.22072953666687212,0.977535464158,0.00648437951477,0.21445557792605976,0.991442719532,0.00566024537629,0.2027851989615481,0.984079626919,0.00425729360777,0.2174548699806114,0.981296055881,0.00705471707832,0.20490046629650496,0.972779834806,0.00637632729591,0.20994194027361082,0.988647939432,0.00663154732661,0.21599599888232637,0.967271866198,0.00737356178989,0.20933809584419324,0.98782163798,0.00470089621728,0.21448604326898904,0.991048242888,0.00629487184847
BG offwind,0.33545292934732424,0.999178128149,0.00424030136421,0.32966701738965104,0.999427142677,0.00277606992422,0.34127810206252623,0.999192724032,0.00358685086506,0.3292641328085542,0.999207189807,0.00483431569154,,,,0.321293778787028,0.999265403508,0.00390725675604,0.31769139572348387,0.999021513176,0.00368633556905,0.34721737394695457,0.998918448405,0.00335475294595,0.3382504869650004,0.999030710229,0.00394164144769,0.33119720076384146,0.999112622866,0.00423625305562,0.3260010759337197,0.999560407215,0.00272937496427,0.33439080758038103,0.99922067767,0.00377064813661,0.31762766027528216,0.998782403483,0.00336516360847,0.3266696225399478,0.998827762245,0.00334623980831,0.3361072960624043,0.999321228379,0.00287801498575,0.337104274056795,0.999246561702,0.00438094122995,0.3275037880364309,0.999375061423,0.00339149910935
BG solar,0.14770250693884865,0.745686251625,0.0,0.1486823693958655,0.721468978184,0.0,0.14732093633138743,0.743566696439,0.0,0.14369563037426494,0.776263444076,0.0,,,,0.14700298780287352,0.731342252457,0.0,0.14773290442626846,0.734166019676,0.0,0.14411511927057447,0.72729083218,0.0,0.14499729032161315,0.717459514943,0.0,0.14391444653289678,0.719505582372,0.0,0.14508014870736594,0.723953518537,0.0,0.14395866865966134,0.715398643849,0.0,0.1462058568508699,0.691072109706,0.0,0.14404044418284837,0.694859340374,0.0,0.1440484523859151,0.718166840257,0.0,0.14159447917986318,0.723420780302,0.0,0.14407708598991376,0.70080345499,0.0
BG ror,0.34372738282250476,1.0,0.0,0.35158541399521437,1.0,0.000197007903034,0.35923659001741276,1.0,0.00010116269843,0.40809416757926975,1.0,0.000481202620155,,,,0.3128481598135507,1.0,0.000207333166825,0.31133786747893555,1.0,0.000143427260038,0.36610549600512843,1.0,0.000249329369948,0.3686634779346617,1.0,0.000272736714455,0.37811820509964433,1.0,0.000403999931218,0.35324442389972066,1.0,0.000212354479477,0.3371516689281396,1.0,0.000143992202072,0.2981037866043019,1.0,0.000166934851381,0.32684208179324276,1.0,0.000204541951337,0.31487571980361784,1.0,0.000182670230578,0.33619854728053716,1.0,0.000135231526649,0.3056514370087626,1.0,0.000205899340148
CH onwind,0.35243345628704076,0.972698662319,0.00708958749901,0.3618641823227442,0.968359194215,0.0055055529197,0.33769986814177594,0.948984337172,0.00632305774927,0.34996985721376783,0.963701625779,0.00674592848264,,,,0.3506392021234579,0.962396726404,0.00756961875816,0.33703460129374263,0.96092863264,0.006957514631,0.3267126959313969,0.951927732938,0.00790668117733,0.33743050435726174,0.972294061459,0.00641923561069,0.33950613412460284,0.961999327245,0.00803980350653,0.3256131761958096,0.961091379309,0.00621290523048,0.3531981075860751,0.962126217314,0.00566566525335,0.3233531178995003,0.964261578032,0.00683681618237,0.3240645212596008,0.971503640507,0.00457283161495,0.3121340995144705,0.966851587365,0.00561291260433,0.31444080581989653,0.962157131426,0.00676259651712,0.32809277331290587,0.966053295313,0.00740705895827
CH solar,0.14594496736702703,0.779799876568,0.0,0.1446949017449841,0.803439935059,0.0,0.1468017049944652,0.80101027732,0.0,0.14568064345546664,0.784534013926,0.0,,,,0.142635936132045,0.799270020236,0.0,0.1424472535744397,0.773093776087,0.0,0.14278399153684873,0.789478196424,0.0,0.14179537363032202,0.78178597286,0.0,0.14154171134797494,0.769160297585,0.0,0.14101995180893767,0.789295624931,0.0,0.1394870376765142,0.790060891989,0.0,0.13859165640806362,0.761530852461,0.0,0.13779450775507804,0.773740252706,0.0,0.13817075265719936,0.782389715921,0.0,0.13789900566967755,0.7743931894,0.0,0.13546863118140715,0.747838251334,0.0
CH ror,0.5170325654211805,1.0,0.000462137558844,0.5184348732468046,1.0,0.000684159021606,0.49902139151054814,1.0,0.000656180714919,0.5461477291723714,1.0,0.000649071763062,,,,0.5508904740652997,1.0,0.000547921329534,0.5453288948768192,1.0,0.000768127607333,0.5532192650186265,1.0,0.000913477828838,0.5358335593695144,1.0,0.000983891816371,0.5500641710321372,1.0,0.00095073963112,0.5679915513398217,1.0,0.000715315955989,0.5904909486018821,1.0,0.00123484045245,0.605545129876678,1.0,0.000758906489833,0.5947551149056991,1.0,0.000915877347762,0.6118886656211795,1.0,0.00061109756294,0.5743950612544104,1.0,0.00107520837206,0.6503071809404993,1.0,0.000633532682292
CZ onwind,0.2599948077940287,0.990728390194,0.0058276738927,0.2742106536535501,0.992266067949,0.00499604320294,0.25514454839052225,0.992763640024,0.00660273811654,0.2637180345930524,0.99365426696,0.00467790078622,,,,0.2581220156365007,0.991837619993,0.00504192821738,0.2566187434441445,0.984081819783,0.00582253639554,0.24155893963998493,0.990634050985,0.00293014456056,0.25515290867655777,0.99058750454,0.00416811070955,0.25586654986938717,0.991920605762,0.00564319668143,0.24573871937174102,0.993898591127,0.00447331482547,0.2688745846945392,0.99327952168,0.00582958809115,0.25275335330051935,0.992171677591,0.00462778183208,0.24878697632049063,0.992208523298,0.00600848701332,0.24354049715060075,0.995069986008,0.00476145844974,0.25105713704543486,0.988554800802,0.004731974858,0.25650824264197253,0.995127969877,0.00515365014527
CZ solar,0.12410708341937915,0.79623348411,0.0,0.12086054076906588,0.777894881163,0.0,0.12613681125637713,0.826854979231,0.0,0.12259765872574872,0.806027840568,0.0,,,,0.12036386719359515,0.755850744622,0.0,0.12046915785178933,0.755139712765,0.0,0.12016727544459599,0.791967221091,0.0,0.11662014665583284,0.710464424677,0.0,0.1184452213630491,0.772522576452,0.0,0.1190259344765781,0.743288123312,0.0,0.11606750250138088,0.713187835716,0.0,0.11765537186151703,0.751325057344,0.0,0.11626943538525877,0.735345161119,0.0,0.11670083910494981,0.768251788632,0.0,0.1163619139440978,0.774200186393,0.0,0.11554512161326762,0.715162362988,0.0
CZ ror,0.2931847090578479,1.0,0.0,0.35671908281938913,1.0,0.000688021233319,0.25974991144775716,1.0,0.000333970779057,0.3336155005218577,1.0,0.000808642828135,,,,0.33807626323558265,1.0,0.000357955595725,0.29372336308099173,1.0,0.000950538101924,0.32036402196445185,1.0,0.000937061003289,0.36373714633589915,1.0,0.00101304753218,0.3362967468101874,1.0,0.000535542428882,0.32699268566798606,1.0,0.000886496283911,0.3678274004621558,1.0,0.00111712030346,0.2759170029064134,1.0,0.000456211437889,0.3310790920865603,1.0,0.000624972819375,0.3340812767073013,1.0,0.000605795476881,0.29463983882624317,1.0,0.000837290022287,0.335259747896491,1.0,0.000823771484854
DE onwind,0.2810155762757423,0.990311788792,0.0108897452243,0.29524128484038514,0.990480414499,0.0100968577608,0.2752308681364906,0.989171027186,0.0109299963365,0.2766841326150954,0.992976052478,0.00840575182376,,,,0.2876914692226889,0.994071928178,0.00773410287907,0.284403714496927,0.983990369117,0.0107820932264,0.2594083995897349,0.98370502013,0.00690544884866,0.2719956111293617,0.988591419092,0.00454425271393,0.2757860634071838,0.993510309056,0.00737490709004,0.266838620321358,0.990105152459,0.00923595803964,0.29429599697766656,0.991980529777,0.00919607250811,0.2725131811215568,0.992219335947,0.00806097855297,0.27226963016216754,0.992256695924,0.00642207425482,0.2512296115997334,0.990748654082,0.00613395576338,0.2645039599921916,0.991096507198,0.00584186544759,0.26901283608210574,0.990930178123,0.00606666949292
DE offwind,0.5196043125972932,0.998163022665,0.0105938721071,0.5174422691869008,0.998057683246,0.00799836028922,0.5158985486523592,0.998270829823,0.00907675391235,0.4987323087963453,0.997810436231,0.00786016478006,,,,0.5294233898155823,0.998253784413,0.00672490382779,0.5321790548829586,0.998248795615,0.0084828602904,0.48966259264661854,0.998008085792,0.00970247090177,0.5024043075225381,0.998196682147,0.00823569417219,0.5050023883711916,0.99821096326,0.00651358733868,0.5012559242050562,0.998022143761,0.00974688302761,0.5321460906826976,0.99817814721,0.00708151778692,0.5093856530639209,0.998327808994,0.00969540823117,0.5070225476502249,0.997961971547,0.00708947901425,0.47465970250097733,0.998230585119,0.00915957635805,0.49977840896278153,0.997877977146,0.00766000056302,0.48491424670636935,0.998091004197,0.00643518047286
DE solar,0.11028397394505826,0.703501560331,0.0,0.10839748338626852,0.699027030729,0.0,0.11232524530726042,0.725775227435,0.0,0.1102115524537992,0.717569447067,0.0,,,,0.10739101647390757,0.698397523331,0.0,0.10676232131414597,0.678775625058,0.0,0.11057533058435269,0.735154675997,0.0,0.10646032736853042,0.681370202337,0.0,0.10542653521411237,0.676932475747,0.0,0.10695380842531299,0.692651678519,0.0,0.10341154559056964,0.678810500129,0.0,0.10699650558205358,0.696847386044,0.0,0.10549039775954265,0.684757668935,0.0,0.1080337244663761,0.683126777184,0.0,0.1058811254591874,0.695236009727,0.0,0.10595388321823629,0.665526464683,0.0
DE ror,0.5240240292188945,1.0,0.00130229109084,0.5691935632946483,1.0,0.00144189855025,0.49284312943983477,1.0,0.000391762148766,0.5576345307346531,1.0,0.00117579610539,,,,0.5636198480384949,1.0,0.00164396546698,0.5058724333907781,1.0,0.00114725750868,0.531914886824261,1.0,0.00124648848624,0.5505915770365273,1.0,0.000657392911444,0.5256508002571998,1.0,0.00177510812407,0.5286960285859806,1.0,0.00110908976685,0.5843181089174458,1.0,0.00105734298416,0.500398992176213,1.0,0.000810707767471,0.5400157464451804,1.0,0.00109373635291,0.4980734029115923,1.0,0.00106394808436,0.4868871725232244,1.0,0.00153584222198,0.5418295635995993,1.0,0.00102871458026
DK onwind,0.37657657841335807,0.997858260954,0.00570378745182,0.3681975056923418,0.997797278076,0.00524664733045,0.3680426677406963,0.998039205711,0.00459205432432,0.3537281472810282,0.997539721364,0.00364124469257,,,,0.36831160796710766,0.9977049496,0.00366365064287,0.3661177245686429,0.997815971059,0.00476341875558,0.33444576327031944,0.997349916411,0.00516703141159,0.3433053250318942,0.997321670735,0.0036151888039,0.35475249329432257,0.997727610635,0.00393038072444,0.3552634331354451,0.998317834824,0.00509592678948,0.3725074715552548,0.997701601742,0.00453641875843,0.3631424107916242,0.996933896236,0.00419597272859,0.36193786177758436,0.997621045863,0.00335592800012,0.3214536527466213,0.997296198995,0.00375897721716,0.3585768175531426,0.998375909752,0.00511339285371,0.33342772390858905,0.997726122916,0.0039607472515
DK offwind,0.5224095270890555,0.993583978247,0.0160254132024,0.5105297138990527,0.99322016272,0.0097394183193,0.5139606051764208,0.993858277945,0.0153534283169,0.4933406875861038,0.992057149107,0.0118596676066,,,,0.5182871881466727,0.993249434837,0.0136731556557,0.517418456611126,0.99357905832,0.012427236211,0.48536301336118637,0.993112953528,0.0127783392173,0.4934044570548053,0.993736312542,0.0160273794913,0.49707687754693264,0.993715917813,0.0115051621634,0.5001835264324683,0.993991997554,0.012761306926,0.5197893016042858,0.994615758849,0.0112315379133,0.5068127968448582,0.993395119834,0.0119912914629,0.503131496425663,0.99271172455,0.0138065848314,0.4739360127872943,0.992829154337,0.0142261834814,0.5016286737535509,0.993997747798,0.0104156295095,0.47496648372376743,0.993547342477,0.0109921412725
DK solar,0.09970232972666868,0.744527898491,0.0,0.09795302471608597,0.730653118535,0.0,0.09972268117499694,0.6854418692,0.0,0.10035279037035191,0.747820465261,0.0,,,,0.09664251535525495,0.720256257494,0.0,0.09477818822837611,0.667763658426,0.0,0.09971669963672088,0.68742679396,0.0,0.09530288848945581,0.696377392574,0.0,0.09514883449412602,0.665175456648,0.0,0.09614480929466851,0.672176581686,0.0,0.09238022515297475,0.657611839987,0.0,0.09421958134719881,0.67618390721,0.0,0.0949546210659586,0.662000210076,0.0,0.09785935836723231,0.694520544423,0.0,0.09508454262446138,0.650701202338,0.0,0.0962545602358683,0.650049406751,0.0
DK ror,0.4916845526161977,1.0,0.0,0.5481701043334911,1.0,0.0,0.45190238616177,1.0,0.0,0.49894338466243626,1.0,0.0,,,,0.5062562546563879,1.0,0.0,0.5318063193688523,1.0,0.0,0.42233761085249816,1.0,0.0,0.5164897330198234,1.0,0.0,0.49959312026057273,1.0,0.0,0.4993002490533577,1.0,0.0,0.5998141835837351,1.0,0.0,0.5355049766247245,1.0,0.0,0.4935692515526754,1.0,0.0,0.3868064636485774,1.0,0.0,0.43026109762966064,1.0,0.0,0.46201269347716173,1.0,0.0
EE onwind,0.3268810026796302,0.995500098095,0.00343448888605,0.3162982000573976,0.996232897635,0.00450648098369,0.3197833137269437,0.993734047465,0.00300370250473,0.301785802253842,0.991713352766,0.00468776867094,,,,0.3206502672191863,0.993900624121,0.00485498211223,0.3198000824524103,0.996863923977,0.00287287881485,0.2942873409776015,0.993939476822,0.00236416481068,0.3063813893343783,0.992848672988,0.00410937498833,0.29886898819337937,0.994204028148,0.0036436163599,0.31136477088940573,0.994115565994,0.0042589737176,0.31694938167611186,0.994212845163,0.0041431009971,0.31620026270003126,0.994571050973,0.00445765356332,0.31386652253659064,0.9950486165,0.00407087858863,0.2862492303007119,0.994954997956,0.00321588588458,0.301244699581239,0.990844360283,0.00400179956662,0.30102146309428574,0.991178620481,0.00379696919144
EE offwind,0.43914722509582815,0.974166940461,0.00667807107072,0.4259493229948556,0.976292569394,0.00685222131594,0.44058218977054797,0.978317469657,0.00723073870473,0.4131426002923813,0.971926608445,0.00722560921314,,,,0.44757622435313926,0.974493550225,0.00422370321954,0.4523252935693298,0.974899386534,0.00590921631424,0.41943565800509625,0.980652404131,0.0068392912441,0.42988582920129254,0.976437073049,0.00551725663467,0.4234710183776909,0.976320308077,0.00629997063386,0.4390717496024804,0.974754483563,0.00682548105504,0.4494346478402895,0.975486078517,0.00794343800925,0.4519931604710093,0.975444911403,0.00375050361174,0.44398094273560146,0.977387595199,0.00661996264062,0.41352215110866447,0.979690100927,0.00740152689283,0.43344200294816654,0.97652453077,0.00785779699726,0.4336209966715046,0.976130183342,0.00794026878972
EE solar,0.10436075627077858,0.783297266552,0.0,0.09795707377790691,0.820946313856,0.0,0.10081417199309789,0.790935353097,0.0,0.1029169954762777,0.772438314342,0.0,,,,0.09692682279253202,0.78717369573,0.0,0.09382057031621883,0.80326465135,0.0,0.10040578299112769,0.761164923302,0.0,0.09402764384106964,0.78687342519,0.0,0.09272129716744866,0.77331573097,0.0,0.09615640297560496,0.762315669687,0.0,0.09216832501577248,0.715217469186,0.0,0.08963505124669426,0.720425023118,0.0,0.09297018887080051,0.719501305212,0.0,0.09483073994880688,0.738647153355,0.0,0.09376823226542884,0.781829992338,0.0,0.09160123345864292,0.71136990029,0.0
EE ror,0.39972277976948023,1.0,0.0,0.5174263220557824,1.0,0.0,0.38564487913447976,1.0,0.0,0.36793962214868714,1.0,0.0,,,,0.48987099786504845,1.0,0.0,0.5561168956287931,1.0,0.0,0.312501361681511,1.0,0.0,0.5166206041157467,1.0,0.0,0.5177712508387821,1.0,0.0,0.408389619753381,1.0,0.0,0.4959751178153071,1.0,0.0,0.49995729562299585,1.0,0.0,0.40383482931683895,1.0,0.0,0.3856847471744987,1.0,0.0,0.42118886402846883,1.0,0.0,0.43715653489581197,1.0,0.0
ES onwind,0.2650086954559141,0.953451768126,0.0133126290702,0.272993579140875,0.970160341001,0.0142055212259,0.2628762415159348,0.974126121397,0.0136517662655,0.27095273329754765,0.970180948196,0.0159364962021,,,,0.275886572612284,0.940356526369,0.017433372398,0.26445453412922887,0.968743347923,0.0221873913596,0.2606126876278773,0.964090386199,0.0169480643928,0.27226528318480914,0.965566736621,0.0179734234392,0.2733233159286333,0.961920483929,0.0197852424247,0.2598590192748112,0.954666232446,0.0172589662611,0.2645824273772254,0.971769583461,0.0148367093399,0.2669311491816943,0.960481831416,0.014889655425,0.2603560194127755,0.962966846478,0.0167326251372,0.2662595417584893,0.951042408191,0.019081909412,0.25816827749162585,0.950253584507,0.0146199601823,0.2672489316319291,0.968958020572,0.0154060530709
ES offwind,0.4403817340484276,0.977498322616,0.0399411670885,0.4407806495829546,0.983796619263,0.035052008107,0.4312855791436067,0.988693802363,0.0296526912053,0.43055850733124057,0.975649564524,0.0385561334336,,,,0.4418410642108477,0.981079044528,0.0361202804892,0.43137549981814177,0.987219966844,0.0448562526875,0.4235187723627223,0.982508045237,0.0381285270043,0.43294289590242696,0.984044070239,0.0401631856761,0.4317550287225178,0.972600628754,0.0287158900072,0.424497668835234,0.98800771604,0.0475031249487,0.42944423502223017,0.979983866202,0.0280191697698,0.42866093958905493,0.979656684398,0.0290902768554,0.41895424964449923,0.983634159934,0.0301470628353,0.42750021220289125,0.976423347038,0.0319277738686,0.423302395032408,0.986530380807,0.0354624123574,0.4271288379267653,0.990478266443,0.0307956747446
ES solar,0.14323420301308382,0.654197170739,0.0,0.1427391082413737,0.656844427683,0.0,0.14442993042150398,0.644943418153,0.0,0.14455791384770258,0.661721956133,0.0,,,,0.14341800274082633,0.650745158744,0.0,0.14233952388589777,0.65423451082,0.0,0.14204644650420306,0.671429826929,0.0,0.14338446906495647,0.662992563893,0.0,0.14418029004006394,0.656988162085,0.0,0.14311040772216033,0.644859724758,0.0,0.1435908965124008,0.65855813392,0.0,0.14197652579118433,0.653254955706,0.0,0.14332650993642462,0.644922469367,0.0,0.14088980003910287,0.653309941265,0.0,0.14300054406030102,0.636634659347,0.0,0.1430748850552268,0.647202957098,0.0
ES ror,0.47478240447331294,1.0,0.00138357068524,0.47473729507037293,1.0,0.00111190882122,0.4338810482034803,1.0,0.00120969999235,0.4551961389830855,1.0,0.00142998953271,,,,0.45845854443245826,1.0,0.000858272698738,0.46250926141201915,1.0,0.00127542134949,0.46345261437918633,1.0,0.00126593093733,0.4542654218240258,1.0,0.00170790194567,0.4123180496938505,1.0,0.00101514882691,0.4348493572354373,1.0,0.000921095745116,0.38545834834676584,1.0,0.000803411517188,0.43674113985350504,1.0,0.000710561560308,0.376829937749589,1.0,0.000580690855507,0.42188958366650803,1.0,0.000557283305033,0.35061028541906814,1.0,0.000552401992148,0.3779140059015759,1.0,0.000484021196759
FI onwind,0.32520484158009855,0.994470935668,0.0152059811898,0.31008808850492325,0.986830076325,0.0112748046074,0.31882629582716654,0.990314014359,0.00911221667386,0.31356924017312143,0.984788896985,0.0115420035722,,,,0.3237503182546457,0.987955453124,0.0127779168746,0.3145498005806634,0.99167853742,0.0140387331976,0.3086110266557559,0.988539879285,0.0103787881515,0.30753223739394875,0.985478709035,0.0112035367264,0.29508685465729717,0.978466088666,0.00710381854234,0.3140001205889688,0.990886963255,0.00795176427134,0.31550294471291807,0.991950811994,0.00658189965481,0.314137283126858,0.98698556839,0.00718344590925,0.3190934486400217,0.991125243541,0.00930872009172,0.2974374043624438,0.989034541561,0.00956705738872,0.3142372892083246,0.992823548858,0.00969483153303,0.2993319166741998,0.989859852808,0.00930200279867
FI offwind,0.4279430111752544,0.966710473829,0.00627974810067,0.41616721845317645,0.967717825058,0.00785923495888,0.4317797356093409,0.968772416558,0.0102044838353,0.4095249496975504,0.967299971891,0.00940420449144,,,,0.4344762433674617,0.967158605294,0.01128989803,0.43604545073898565,0.967524208316,0.0119605594912,0.4243943488327039,0.969065634756,0.00805252189772,0.4221998471225711,0.967800823536,0.0125514695322,0.41405119265963863,0.968595879234,0.010806936767,0.436792294196844,0.970156481505,0.0100418805213,0.4406571114313025,0.967357007271,0.00950330203673,0.4428700953029061,0.970523187155,0.0121930584424,0.43406628898301375,0.96749536639,0.0113399727326,0.41404736339562326,0.974864178401,0.0109135550634,0.4391767955807611,0.970342442213,0.00967831204632,0.4178131826494345,0.97227862029,0.0104676351516
FI solar,0.1007522653606781,0.777924496913,0.0,0.09731402983401068,0.755392919567,0.0,0.09716647424290407,0.777588466017,0.0,0.09943341515008032,0.768292659711,0.0,,,,0.09415572540321372,0.727773867531,0.0,0.09284718925331627,0.75501905556,0.0,0.09686673366452371,0.75364710801,0.0,0.09174673885973665,0.75703723814,0.0,0.09166113461189355,0.767446108012,0.0,0.09192486923721195,0.752258061112,0.0,0.08852889034938567,0.719202070372,0.0,0.08732095667295738,0.718714171976,0.0,0.08918242616853032,0.736257916232,0.0,0.08962432433591976,0.721206155223,0.0,0.0877880000416862,0.702190801899,0.0,0.08758888122113481,0.711778452621,0.0
FI ror,0.6362260436044811,1.0,0.0,0.6030087057135896,1.0,0.00270187787636,0.630174526891378,1.0,0.00416883197987,0.6106481584544228,1.0,0.00251775941919,,,,0.6599257477505729,1.0,0.0,0.6462475082846307,1.0,0.00268024936287,0.6623545553563058,1.0,0.00491774135137,0.6574085125921579,1.0,0.0,0.6903394873241167,1.0,0.0044358846682,0.7217639121343182,1.0,0.0,0.7201545768895984,1.0,0.00344387631948,0.7527750703071995,1.0,0.0147394139182,0.7049054671946752,1.0,0.00508186637115,0.6997622290500085,1.0,0.0,0.7367965114701565,1.0,0.00690866403048,0.7302350037350744,1.0,0.00966486433268
FR onwind,0.2800361754485849,0.94466824614,0.0128440472382,0.2875540886688821,0.961134898552,0.0158984194143,0.28064972920013465,0.959891171274,0.015368815956,0.2797702702355594,0.967807370371,0.0177921316611,,,,0.2870135793387751,0.951231145653,0.0141864234932,0.27613142929929996,0.946025433724,0.0184734273002,0.26717206897942897,0.969032107954,0.0134004459008,0.27996916923783505,0.959863369839,0.0155688969201,0.27765121729741593,0.964666113869,0.0171419096448,0.2728818394922345,0.954297059414,0.0140399850648,0.28317009864574244,0.95803516896,0.0184582810861,0.2773987506990491,0.94591908532,0.0123469603438,0.2754578420128166,0.964363206683,0.0169763632953,0.2601380254413127,0.958712536885,0.00969251374687,0.2648535101761837,0.947465346778,0.0126513625452,0.27403938985199133,0.959832131299,0.0171530831183
FR offwind,0.46996444196139386,0.989733337259,0.0201785305183,0.4766313446608113,0.990611874747,0.0219949448022,0.4717593124200033,0.988428295489,0.0230638231,0.4660558581879611,0.988868058823,0.0212813467132,,,,0.47001734172754406,0.994891632279,0.0208548937697,0.4657661946455719,0.992089753273,0.034326952987,0.4452893070867717,0.993483319306,0.0254369792838,0.4664791660687454,0.990737608115,0.0261673519748,0.4550288494953341,0.991167283136,0.0190072142414,0.45898467121597053,0.988817250012,0.0265061151234,0.46650014696526565,0.994175419522,0.0248392224259,0.4590274772743964,0.989092588193,0.0200965128903,0.44602735461494836,0.989765481915,0.0297570609729,0.4409184374863436,0.993807865651,0.0175543654011,0.4426218706791393,0.986286426,0.0234571622502,0.44574564442850934,0.992190724813,0.0208044930662
FR solar,0.11461161829078059,0.646310367312,0.0,0.11354506996607104,0.638152176764,0.0,0.11640514883600529,0.646227052702,0.0,0.11555635436039562,0.636633037951,0.0,,,,0.11347095836112767,0.639022579128,0.0,0.11427650982724973,0.628225054891,0.0,0.11501880564690604,0.645866770678,0.0,0.1133712704224706,0.642124463252,0.0,0.11523367982894071,0.633907266957,0.0,0.11359048202959629,0.645108416299,0.0,0.1110758056042174,0.631355630892,0.0,0.11529148570763328,0.627778341389,0.0,0.11527550127776431,0.634422974034,0.0,0.11564396479090527,0.638325483493,0.0,0.11657122589959105,0.633352263123,0.0,0.11379390303028727,0.617866041792,0.0
FR ror,0.6032187444311117,1.0,0.00185456816798,0.6319479186179783,1.0,0.00117189163634,0.5835804263845564,1.0,0.00227213227491,0.6342658432073106,1.0,0.00199077106728,,,,0.6435990594526793,1.0,0.00122656865367,0.6071294317445252,1.0,0.00341115700106,0.6138746984118667,1.0,0.00250739214965,0.6260746973962813,1.0,0.00181978054165,0.5695061555207452,1.0,0.00231084109473,0.606258235129412,1.0,0.0055517723126,0.5948328035204917,1.0,0.00195013522833,0.6018323723568968,1.0,0.00268940594291,0.5475744265548017,1.0,0.00167694744293,0.5724986767731045,1.0,0.00175494537258,0.5173175598556468,1.0,0.000693827179156,0.5886355054828958,1.0,0.00283162998578
GB onwind,0.4043158805405883,0.990993400165,0.0159064724731,0.40675377062508494,0.987680400931,0.013964224074,0.3953481069900055,0.989968259953,0.0128142641622,0.3908454040934224,0.992395388622,0.0173007411469,,,,0.394797480414756,0.99204990839,0.0113234072739,0.41059773564268015,0.991756147654,0.0140166823713,0.3809048321044499,0.987670311855,0.0134874989998,0.39554204196365306,0.9933683098,0.0130570653516,0.385716731539387,0.989425622725,0.0119029676553,0.3959270953238352,0.990863031722,0.0115620409873,0.40875549051293847,0.990021026195,0.012241483775,0.39082543318110263,0.989520811176,0.0147832909627,0.3887271143271167,0.990868935948,0.0145156695244,0.3542065844186007,0.990563590126,0.0172900130789,0.38695120233927066,0.992295286292,0.0165265879431,0.3713643356469026,0.99148617594,0.0129537922277
GB offwind,0.571643209104491,0.982426366325,0.0596733605207,0.5678177735945151,0.984711975267,0.0580570940673,0.5632608942960768,0.986003746092,0.0540098586887,0.5550120068796217,0.983826881247,0.0460988181705,,,,0.5624748049967659,0.989782075489,0.0509028660727,0.5795853167006707,0.982698623609,0.0703578365966,0.555039876442067,0.986031922873,0.0550457351806,0.5599467214526593,0.988861798516,0.0527733489566,0.5589724932023922,0.982354492013,0.0370459098933,0.5673742194942495,0.990882609276,0.0584624025537,0.5778173338286522,0.986403851363,0.0587852743072,0.5589718581230164,0.990436415262,0.0468987203576,0.5596362148247888,0.98698196918,0.0343552441283,0.5317902953569166,0.988406750417,0.0443038368148,0.5610078022669992,0.989673475529,0.0425760883631,0.5358652456831229,0.990726814054,0.053934605519
GB solar,0.09720891975832659,0.646571739452,0.0,0.09862902308799969,0.669023240646,0.0,0.09981467728065571,0.658436397157,0.0,0.09867197687754596,0.697746781668,0.0,,,,0.09659202750641456,0.608030488707,0.0,0.09615586036556865,0.642929015997,0.0,0.09979582651085281,0.621080531998,0.0,0.09746628364965791,0.63149147308,0.0,0.09690847386760278,0.631201790199,0.0,0.09743507636661881,0.607278445127,0.0,0.09515401254991879,0.60667015844,0.0,0.09694352300658032,0.616264914184,0.0,0.09769252696603928,0.610661481198,0.0,0.09783993177161508,0.644316954789,0.0,0.09651340606526268,0.618307204977,0.0,0.09722560357768592,0.623706450261,0.0
GB ror,0.3761823524469523,1.0,0.00147776583204,0.3799835790703745,1.0,0.00064422666133,0.3631417379206777,1.0,0.000990042204602,0.364083657340284,1.0,0.00249328256814,,,,0.351252311039754,1.0,0.00319217244166,0.39715018823149645,1.0,0.000748012379965,0.3339085883306783,1.0,0.00159430440913,0.37915641060715466,1.0,0.00274567193338,0.36375938933702595,1.0,0.00162118660817,0.38364953747170505,1.0,0.00138682362291,0.39151653509378487,1.0,0.00398553966405,0.3812114862839616,1.0,0.000973992205159,0.36600109548528037,1.0,0.000386102918091,0.31264498285555703,1.0,0.000577376844984,0.36258866364851394,1.0,0.000301730099103,0.33615968706500293,1.0,0.000652048856654
GR onwind,0.27706481756794793,0.968629650879,0.0111495932663,0.26811628532907134,0.952678122716,0.0118914093896,0.27460642016536685,0.960052828808,0.0151606740532,0.2716158292626442,0.95835921149,0.0108140394965,,,,0.27113168438605356,0.98059589418,0.00928669988069,0.2677384137585266,0.942337768011,0.010465171036,0.2751186732913481,0.971642145156,0.0127618623917,0.27288781133177753,0.959603201399,0.0111683693375,0.269346673861224,0.919328053028,0.0115020982165,0.2699979192461385,0.950376388816,0.00771322290664,0.2676331468617553,0.958591309092,0.00938518146877,0.2654349255242482,0.937132384524,0.0114096959542,0.27015790733206796,0.970626235898,0.010467614792,0.2784979869811037,0.970990157808,0.00982926061807,0.27631143881643916,0.968166641689,0.00981230829665,0.2750405020301762,0.957891232645,0.00901810824438
GR offwind,0.3568010430656191,0.98045894293,0.012887620128,0.33838511795981197,0.979248269974,0.0175762446378,0.3436568266666449,0.981987153218,0.0153375913083,0.34824135894676506,0.983549677228,0.0200872933244,,,,0.3441419289515169,0.980063032089,0.0114545518503,0.34277837553477175,0.976381371578,0.0160407008759,0.35964251704754274,0.973645944312,0.023657915396,0.3492787978425165,0.982626318708,0.0169443233498,0.35574435034534674,0.970338549131,0.0161693440665,0.34449755658282444,0.983658413988,0.0119903240264,0.34008058215507514,0.984484474096,0.0104744443948,0.3441407514716214,0.974987739895,0.0150064283484,0.34870919012906654,0.986903456063,0.0177396246903,0.3553919882916904,0.978976745489,0.0205318341229,0.3585010127438303,0.975614151376,0.0165054542902,0.3451483152142031,0.979721629767,0.0129550633495
GR solar,0.15308792489983974,0.718600641624,0.0,0.15226021415342217,0.71186435364,0.0,0.15228902034531316,0.709823149221,0.0,0.1503573631703169,0.711186349942,0.0,,,,0.15253988014281442,0.696651450803,0.0,0.15286673023915137,0.696369360038,0.0,0.15145872932490168,0.709755188332,0.0,0.15181832002081902,0.700652730216,0.0,0.15181685213149068,0.704192023217,0.0,0.1515394634250497,0.688952790367,0.0,0.15128074667789226,0.705579251631,0.0,0.15275119567180734,0.69388925334,0.0,0.1515509833364086,0.683525166446,0.0,0.15173051973774024,0.694798662917,0.0,0.14986726794137137,0.684338241481,0.0,0.1515494736407746,0.701321265471,0.0
GR ror,0.3824655886286874,1.0,0.000129064200611,0.3970320194319276,1.0,0.000367892870494,0.40094737288621723,1.0,0.000482433644089,0.46167597836996377,1.0,0.000178830894181,,,,0.36569926628662763,1.0,7.95714942953e-05,0.36688552301455785,1.0,0.000303673190527,0.3830319818418447,1.0,0.000480427502009,0.4040348875045463,1.0,0.000435386988894,0.3932104383376167,1.0,0.000199740835245,0.3632531475789374,1.0,0.000452503045722,0.36014979975267686,1.0,0.000286968018123,0.28805039556654755,1.0,0.000251070244908,0.3207370527875066,1.0,0.000414394754493,0.2971759512106846,1.0,0.000389249488924,0.3365236907284235,1.0,0.000207174138107,0.28955266649519307,1.0,0.000404406607892
HR onwind,0.23438582089132337,0.977270098844,0.00531245902889,0.24014978202696327,0.9730126157,0.006466784623,0.22860096741486993,0.970756798502,0.00632679685483,0.236898560077392,0.974433750629,0.00600547744455,,,,0.22621381753562841,0.969571981203,0.00462574562931,0.22117974353287262,0.958417084342,0.00642053918092,0.21830530569333262,0.961929393213,0.00702683300977,0.2215258741446854,0.969442812049,0.00768007922133,0.2220903588236641,0.963565741359,0.00649518821024,0.2226050180420566,0.984401339618,0.00578650479812,0.22998461607676457,0.960346854858,0.00680369695147,0.21972362255783837,0.970522690958,0.00584482047906,0.211027948766008,0.929759353167,0.00472627638903,0.2238578040942088,0.980532907265,0.00699499348167,0.22390871537008203,0.944756192969,0.00663007786341,0.22495490658048467,0.97999875537,0.00564523645015
HR offwind,0.2739470413466738,0.979155894881,0.0048296704918,0.2795121343974561,0.97489057706,0.00485361458048,0.26361678408984807,0.983139913371,0.00468512160789,0.2744826787231329,0.971101853115,0.0057371451821,,,,0.26808997958481373,0.978169242209,0.00486773522352,0.2570137690207774,0.974718537599,0.00404783990823,0.25825466556248877,0.97589931354,0.00530302562734,0.2641485367189344,0.972599028339,0.00430397274875,0.2663797247375692,0.975541522337,0.0055170794325,0.25773893323086955,0.981689082011,0.00472404514558,0.26420827911697703,0.971733206691,0.00502141520776,0.25517352713458646,0.975170604322,0.00441399318778,0.2457298109684056,0.978761433365,0.0043803388952,0.2636992712940332,0.975577692932,0.00514252750934,0.256593991572364,0.97420299317,0.00440656661365,0.26181184285025894,0.972801960356,0.00581657335962
HR solar,0.13710720192460044,0.754325665277,0.0,0.13517188581493753,0.737229873922,0.0,0.13657950311368175,0.754101611539,0.0,0.1328619428810866,0.782504757464,0.0,,,,0.13423229157390165,0.734057149997,0.0,0.13492900233476113,0.711088549212,0.0,0.13243172965065975,0.711654844728,0.0,0.13286465424629595,0.705798475648,0.0,0.13344403529365378,0.777792556358,0.0,0.13233894218168096,0.711062898339,0.0,0.13370150626556113,0.713119832945,0.0,0.13391510002530166,0.708355322303,0.0,0.1320069232841302,0.680698025756,0.0,0.13221376451120237,0.706097184062,0.0,0.13158592774974037,0.709373734956,0.0,0.13136849732877978,0.701520217692,0.0
HR ror,0.5062684878481686,1.0,0.000507446357613,0.5703296092889989,1.0,0.0006716406753,0.498409129903837,1.0,0.000739635784348,0.5638998513179642,1.0,0.00095464555688,,,,0.5541266547548236,1.0,0.00111916389457,0.5134654117138708,1.0,0.000841022344736,0.5625704069631445,1.0,0.00108936662027,0.5692559000281793,1.0,0.000910738791023,0.5211314985986083,1.0,0.000646905256805,0.5406921216753388,1.0,0.000902552277574,0.5049938349537664,1.0,0.000766826054002,0.4977049492962884,1.0,0.000955604890368,0.4975321871813838,1.0,0.00090926705299,0.5204938964127536,1.0,0.000776388172591,0.4704552864138579,1.0,0.000594740777855,0.49215770086510485,1.0,0.000766798980446
HU onwind,0.19183874255734937,0.991333560649,0.0036220261373,0.2000510986718579,0.981718344167,0.00349468723529,0.18668669799491172,0.988250401389,0.00328311353503,0.19167596564183936,0.988008480619,0.0034683904614,,,,0.1851616608307896,0.98912213299,0.00408161081176,0.18304338262572561,0.977388719445,0.00298845818036,0.17705201422831118,0.987342560828,0.00465444018364,0.18569133737682986,0.978087003961,0.00398724589525,0.18392906783797397,0.982517855615,0.00453723662038,0.17872190644234573,0.982619229365,0.00284993372294,0.1955601551642922,0.986625263723,0.00371052826602,0.18447593481526625,0.953228016811,0.00397020307375,0.18025281769194806,0.993999506694,0.00331691236763,0.18376410021022005,0.986605728257,0.00352851620361,0.18579990240272617,0.980390737172,0.00383127604415,0.1875271469016632,0.994813899161,0.00369983140216
HU solar,0.1364550029280086,0.762738143996,0.0,0.1333071723062844,0.758765087764,0.0,0.1356161217758664,0.811961838222,0.0,0.1310119405092011,0.791226436013,0.0,,,,0.13196171936217088,0.749885679047,0.0,0.13229317951488906,0.716825048153,0.0,0.13130683466876655,0.722076144714,0.0,0.1300643446191137,0.707320775823,0.0,0.13141895499041778,0.766714697177,0.0,0.1314631628640223,0.724581522069,0.0,0.1309827639120203,0.70799670061,0.0,0.1310221350546084,0.708803370232,0.0,0.1291649374128775,0.679468326308,0.0,0.13003951961658347,0.725748777516,0.0,0.12985098173381351,0.712056263384,0.0,0.1281051571898084,0.704620111266,0.0
HU ror,0.41874951367123797,1.0,0.0,0.5547445031228432,1.0,0.00329897808531,0.4426013909955931,1.0,0.0,0.5865578932547878,1.0,0.00348216504753,,,,0.5189908942565881,1.0,0.00382425126755,0.47826274451494594,1.0,0.00285826815554,0.4913470339746323,1.0,0.00334141498153,0.622514422994511,1.0,0.00292390285935,0.4958788216667978,1.0,0.00250641369449,0.5028098087609452,1.0,0.00406964635311,0.5044084473077545,1.0,0.00323468746216,0.47960125088482103,1.0,0.00257483137329,0.5225699262091771,1.0,0.0,0.5316915809842362,1.0,0.00340814141108,0.43763039502425427,1.0,0.0,0.5346234794087829,1.0,0.00358073137428
IE onwind,0.4191229490376174,0.997511759358,0.00630439179304,0.4325537598684444,0.997673474718,0.00598211134752,0.4133831104433778,0.997093160687,0.00657694652439,0.41178674988465946,0.996993595395,0.00669481446952,,,,0.40971699559410624,0.997750168806,0.00680940252689,0.4251880623093894,0.997026768262,0.00533080100418,0.3976697268219578,0.997509868077,0.00657545896272,0.4210657205557983,0.997508265919,0.00783708058211,0.4093073458373715,0.997505303551,0.00644648015988,0.4143721208873311,0.99740066876,0.00494126274339,0.4289315162589116,0.99697221309,0.00617846924008,0.41021259889847356,0.997375553716,0.00682614491556,0.39927370567378534,0.996550081146,0.00634948677626,0.3792491691181907,0.997733409357,0.00614769031919,0.4112725646054988,0.997814694201,0.00672322593894,0.38455026948306287,0.99797675686,0.00568279192744
IE offwind,0.5991065887147107,0.997215301061,0.0426721563582,0.6070851818880809,0.997392745023,0.0330231342253,0.5994251677226025,0.996624862916,0.019984768155,0.5922486081376839,0.997706166115,0.0307840806068,,,,0.5839689836483517,0.998468541876,0.0194803896091,0.601037119161398,0.995714212948,0.0317872433086,0.5799712972903447,0.99744347568,0.0224940619652,0.6032569786789763,0.998471231984,0.0276847240552,0.5906112345481589,0.998381861468,0.0371708802972,0.5901629779305442,0.99826151622,0.0228087412245,0.6044977908791036,0.997390960129,0.0231141277023,0.5896228551872347,0.99766835757,0.02592825903,0.5669270763097516,0.99856945432,0.0216466922427,0.5549807902361398,0.998099519281,0.0201864241666,0.5775747950183978,0.996818451546,0.0169449197546,0.5520678636350842,0.997851268136,0.0179220365047
IE solar,0.09052375967613213,0.669884344331,0.0,0.09093596995387983,0.717930706128,0.0,0.09249793894905266,0.659131340727,0.0,0.09112924117891742,0.731847740134,0.0,,,,0.09044001714427605,0.666704259077,0.0,0.08893131740593682,0.656624424559,0.0,0.09208473573391296,0.674307208196,0.0,0.08921082151610811,0.663838247507,0.0,0.08857798163817339,0.677472048826,0.0,0.08913001714290944,0.670790267337,0.0,0.08861989351240683,0.637474546978,0.0,0.08898395552588136,0.643670529186,0.0,0.09125867305921799,0.688770391439,0.0,0.08883627644533744,0.662521532696,0.0,0.08831011510217142,0.659303564119,0.0,0.08944625338666827,0.646907993969,0.0
IE ror,0.454173816871583,1.0,0.0,0.4562409837642331,1.0,0.0,0.4453149432317425,1.0,0.0,0.4734690972627906,1.0,0.0,,,,0.4381005062987093,1.0,0.000501899143016,0.45609818104840333,1.0,0.0,0.41208227587986446,1.0,0.0,0.46434443049243285,1.0,0.0,0.43442741795888756,1.0,0.0,0.4515718449285153,1.0,0.0,0.45462468437287146,1.0,0.000497970514675,0.471377589389289,1.0,0.000569197336185,0.4053304190102003,1.0,0.0,0.38068373680030265,1.0,0.0,0.41068834819788363,1.0,0.0,0.3958323107077001,1.0,0.0
IT onwind,0.26597629596158207,0.938751255914,0.0178887506278,0.271851031339461,0.918440556042,0.0134847997146,0.257034520577405,0.918933952107,0.0158848851251,0.2690933875723526,0.961366420442,0.0143973481632,,,,0.264761475760718,0.94441955404,0.0181057459737,0.25370716648302793,0.920464485791,0.0178303649416,0.25156458949715815,0.928319806474,0.0199165533946,0.26041295990733354,0.914084021003,0.0120572645177,0.25950425643796854,0.911368794722,0.014333460969,0.2493498036273269,0.935367498629,0.0159158446386,0.262469130288354,0.885188900155,0.0160388568866,0.2484376344159327,0.923450331542,0.0158959032295,0.24027235467204455,0.92129515619,0.0138530017664,0.2542245659634449,0.908455095973,0.0134295434767,0.24714933736167974,0.879350428662,0.012188629147,0.2535836406826993,0.929920180314,0.0151124826167
IT offwind,0.3147624420909784,0.97644087726,0.0214151823538,0.31261331736499137,0.963024518002,0.0190214978256,0.30551166812725755,0.969582266761,0.0185678125859,0.31012043816512724,0.957614292005,0.0155644276103,,,,0.3122282654642352,0.976761037713,0.0181265527176,0.29447214752923123,0.973369006923,0.0178231266555,0.29961832376668895,0.97452091987,0.0125338569971,0.3074288797791142,0.971957522238,0.0207502887457,0.30652046296234225,0.973164822033,0.013981575526,0.29509817193692023,0.977739636181,0.0170675553743,0.29657195833186334,0.971742990456,0.0191985572092,0.28685407864626666,0.969914333326,0.0179595401669,0.27787698170886266,0.981463105733,0.0209654066942,0.2964581264162038,0.984840225028,0.0138245066847,0.28427755377521396,0.969514236339,0.0158097812471,0.2834003878764364,0.984102124272,0.0171201101245
IT solar,0.1402083297369652,0.68500337045,0.0,0.13996058833530745,0.693958620167,0.0,0.14003069522066944,0.676961677635,0.0,0.13975035924587031,0.681436559745,0.0,,,,0.13928772019573168,0.682492325392,0.0,0.14032958450311722,0.676841332859,0.0,0.1382696647710428,0.692092744826,0.0,0.13902449141358508,0.684071216624,0.0,0.1403393320118642,0.681331556942,0.0,0.13813758437365758,0.682006709191,0.0,0.13927350191047966,0.678392425533,0.0,0.13773439047378677,0.674852225118,0.0,0.13855269305773843,0.671299831157,0.0,0.1374421119354439,0.67998510149,0.0,0.1379122313785499,0.670720220208,0.0,0.13761355463274869,0.669107947824,0.0
IT ror,0.531017575849753,1.0,0.00205935932671,0.5547913150701912,1.0,0.00379040077987,0.5297821869228458,1.0,0.00197836139111,0.5739455453555645,1.0,0.00621676868153,,,,0.5580657379480748,1.0,0.00177797113575,0.5043649757445119,1.0,0.00280253374325,0.5522068887143154,1.0,0.00182816613571,0.5342246943905343,1.0,0.00181847492555,0.47861452421551937,1.0,0.00205721408428,0.5534594452389822,1.0,0.00234838636288,0.5135260200939797,1.0,0.00281776193142,0.5641106961355784,1.0,0.00168859004995,0.5090249492885395,1.0,0.00171580923811,0.5501900764846431,1.0,0.000794214694431,0.47373524764398434,1.0,0.00261392810282,0.5406633733541385,1.0,0.00172400952965
LT onwind,0.29476103260633046,0.998308019491,0.00308414506106,0.2876041064218152,0.998426738684,0.00278856116514,0.27857470021162706,0.998094496225,0.0030251803843,0.26993922926596486,0.998131065588,0.00300336951272,,,,0.2820679045135931,0.998283810024,0.00381270197247,0.27841944061568497,0.997132681141,0.00319900785573,0.2577894410300481,0.997791647479,0.00295263564095,0.2733014818074171,0.995968744058,0.00336792853588,0.27006729545792874,0.997691671765,0.00402525845223,0.27570028937225827,0.997743017404,0.00263266957384,0.28640310553506804,0.996417334158,0.00312671285634,0.28049843849144557,0.995051626604,0.00388591908616,0.2718187209282463,0.996199563737,0.00282647318258,0.25380603692072895,0.997599030919,0.00394023489907,0.2652697520238423,0.995959598369,0.0040162655249,0.2719816716252883,0.995166565102,0.00335589216032
LT offwind,0.46091630739951434,0.995519113898,0.00264156699191,0.4491542294466424,0.995158873832,0.00281278709195,0.4532848065393255,0.994636973796,0.00265156909175,0.424059426754807,0.995081327297,0.00224046558276,,,,0.46084041575002904,0.995872652588,0.00311651409705,0.45628955418258105,0.99466511029,0.00294018297472,0.4241517108921335,0.995572198962,0.00261400381291,0.4411174086780814,0.995673584112,0.00288280516705,0.438242577846276,0.995124557403,0.00199911049717,0.44583193222732864,0.994834412635,0.00285335368701,0.45914735909139487,0.9948570188,0.00279706442363,0.45690408443480296,0.995594409409,0.00282146300519,0.44457045214153434,0.994742574934,0.00285474598547,0.41882179348485365,0.99523838619,0.00238370128082,0.4380615075656331,0.994706162227,0.00312810325149,0.44424840576271235,0.994703657454,0.00247608101437
LT solar,0.1090553623664777,0.789382799538,0.0,0.10288769105675043,0.835031534196,0.0,0.10908729750168913,0.799358821891,0.0,0.1077687584399011,0.784436223904,0.0,,,,0.10266342858009894,0.77007295024,0.0,0.09999810808339116,0.77300062595,0.0,0.10641168232833136,0.788252024495,0.0,0.09799179286995496,0.750588559504,0.0,0.0987240349329861,0.803105697365,0.0,0.10313736413702214,0.758579630469,0.0,0.0982719824519102,0.758800258364,0.0,0.09708743294898728,0.749645403384,0.0,0.09820643572026572,0.76204136253,0.0,0.09923487465343743,0.769378171668,0.0,0.09913432926385245,0.811959351534,0.0,0.09535038755586367,0.72164726623,0.0
LT ror,0.11164748390714846,1.0,0.0,0.17231080353329042,1.0,0.0,0.10403668459778784,1.0,0.0,0.1150040073158176,1.0,0.0,,,,0.17205914862688634,1.0,0.0,0.15592402771767921,1.0,0.0,0.10740351062810323,1.0,0.0,0.1742726592092815,1.0,0.0,0.1563310777732281,1.0,0.0,0.1082872961274135,1.0,0.0,0.18493248542873053,1.0,0.0,0.1545300412698867,1.0,0.0,0.14865188755229863,1.0,0.0,0.13824280013450502,1.0,0.0,0.13835872828991636,1.0,0.0,0.15243844178719218,1.0,0.0
LU onwind,0.27321247764421686,0.999491024147,0.0016657340841,0.2890565933991405,0.99945564756,0.00182215381177,0.2694582396047151,0.999465031592,0.0017850325264,0.2674565994300797,0.999289556752,0.00165637091141,,,,0.27728874692699695,0.999265509637,0.00148108861751,0.274052933570175,0.99932457961,0.0016737732249,0.2565402207797109,0.999558079524,0.00166368620245,0.2694070142310177,0.999243621363,0.00204972652212,0.26448720272555243,0.999167970983,0.00151765828379,0.2603249782496398,0.999473031538,0.00152439375902,0.2855730632658242,0.999353544976,0.00156007494233,0.27022472116606044,0.999323372054,0.00167764197007,0.26364048376481725,0.999472998625,0.00134956123713,0.2402888417935139,0.999385634362,0.00137816997563,0.24814476647176623,0.99955106795,0.00156523406879,0.26658082955359996,0.999417862115,0.00182102708344
LU solar,0.10538435514424964,0.676849888038,0.0,0.1024506696235227,0.701225185603,0.0,0.10692493299320989,0.714558755141,0.0,0.10606587633311974,0.719960072494,0.0,,,,0.10137035930045608,0.676448046209,0.0,0.10158661796637025,0.671745786911,0.0,0.10605782518124926,0.734620765698,0.0,0.1027870322683201,0.689559877751,0.0,0.10207588306830974,0.667217328766,0.0,0.10265728182241646,0.684183488738,0.0,0.09892477229050535,0.664257880044,0.0,0.10462928855208382,0.679521947603,0.0,0.10240239115460545,0.660888910193,0.0,0.10724000265629526,0.703453408882,0.0,0.10470436082871945,0.672814037227,0.0,0.10418305229346146,0.664248778067,0.0
LU ror,0.028843024602365822,0.333537533251,5.21774878333e-05,0.03262368471631758,0.312270934518,3.11515087871e-05,0.027905144199631658,0.281990109688,3.48904911593e-05,0.028684242017867692,0.226812978546,7.19630473057e-05,,,,0.0349240974366125,0.334443116237,8.90126032364e-05,0.0282996625961338,0.282050644501,6.11889901068e-05,0.027132304571201894,0.272604404217,6.77945025037e-05,0.03138863630479649,0.309840429578,3.75592241925e-05,0.02898328811352617,0.431752577433,4.39007157276e-05,0.0298648530223879,0.347810047336,8.97135303273e-05,0.036745171267170085,0.281022938196,6.01373564291e-05,0.027396816733215413,0.383002041593,4.98945652313e-05,0.027972105321610253,0.335148291402,5.35558389466e-05,0.022941236356737407,0.333335738557,5.18590100734e-05,0.023535193552811327,0.292735210467,4.65397049832e-05,0.02706896069046784,0.274141066954,6.51280571308e-05
LV onwind,0.31425915834343254,0.994080719137,0.00327021069746,0.30374460948715115,0.995756159736,0.00290251077842,0.30064470910322216,0.996540711932,0.00230932806302,0.2858839739384969,0.99684432281,0.00318354015979,,,,0.30365182334774915,0.991059288561,0.00466941293723,0.30065856134268315,0.994049868271,0.00321715260838,0.2749722541843944,0.997820280982,0.00431093499271,0.2903063124762637,0.996733646234,0.00417408649784,0.2886798755437829,0.995365610885,0.00373452307577,0.29576248153934254,0.995377068926,0.00305211519287,0.30337895127042297,0.994475166086,0.00408156837404,0.2990307503662423,0.99543740406,0.00311658829378,0.2953237971220142,0.992424563266,0.00393000363323,0.2687524166251274,0.987616771242,0.00414181955715,0.2842922204214424,0.995365213278,0.00481538031805,0.2881231133306897,0.994234919588,0.00273898996511
LV offwind,0.4496287360887086,0.99672481666,0.0052525058607,0.4377881478748677,0.997427182856,0.00509347511674,0.4453539846033472,0.996545098133,0.00501914237062,0.41365650518077357,0.996749424852,0.00382462924728,,,,0.4535877100198022,0.997362710795,0.0056841441771,0.44867925572770173,0.99678649075,0.00466760754305,0.4168186669408457,0.996826257298,0.00568480620396,0.43095070864292045,0.996630864476,0.00392314988779,0.4279785748776172,0.996279855262,0.00399584394355,0.43708445587286865,0.996743753582,0.00566086569442,0.45152891848801596,0.996914836868,0.00610254310251,0.4500564810181938,0.996946451271,0.00550302748659,0.4420959342598256,0.997036519167,0.00498481554789,0.40741091680209873,0.997502315805,0.0060813541981,0.4289045534614504,0.996501122148,0.00562502039259,0.43390663739847224,0.996846394294,0.00435355141974
LV solar,0.10551531858126105,0.794683156444,0.0,0.10004697361411022,0.813585882305,0.0,0.10483421698894843,0.801878261184,0.0,0.10476732187069472,0.771403566864,0.0,,,,0.09919707960181727,0.767732699982,0.0,0.09706105017340028,0.752985671676,0.0,0.10295004415714326,0.767096421118,0.0,0.09573745743453711,0.770378390395,0.0,0.09568551211842884,0.75309975239,0.0,0.09976576886483605,0.733680108306,0.0,0.09491281034064261,0.722188267345,0.0,0.09293170399606536,0.72594305521,0.0,0.09587892884185241,0.742080266799,0.0,0.0973561470118352,0.742377032295,0.0,0.09662496232206136,0.786281783097,0.0,0.09311390304335407,0.709062197249,0.0
LV ror,0.3505300697112107,1.0,0.0,0.4701350320289816,1.0,0.0,0.3329232900774495,1.0,0.0,0.3568136004906928,1.0,0.0,,,,0.46894071417171096,1.0,0.0,0.4870916419035071,1.0,0.0,0.3192018410521458,1.0,0.0,0.4736092125368496,1.0,0.0,0.456665981268587,1.0,0.0,0.34649319673806717,1.0,0.0,0.480201809457599,1.0,0.0,0.4728039848829568,1.0,0.0,0.4036196597075835,1.0,0.0,0.38834250068198334,1.0,0.0,0.38738348375215453,1.0,0.0,0.4230610410841254,1.0,0.0
NL onwind,0.31086349021655385,0.997994988224,0.00340706404076,0.3268598932673043,0.998358548768,0.00248333448018,0.3119312544129284,0.998598430639,0.00312521883135,0.30735195481848776,0.997728187597,0.00290172986155,,,,0.3221301074205023,0.998279890772,0.00409305239018,0.32820943226417437,0.997101299437,0.00230995238373,0.2937067699795529,0.997380994634,0.00328903718315,0.31064206087845514,0.998426666487,0.00300859081053,0.30589130619572114,0.99802672223,0.00353307837962,0.3063720767771767,0.997736703711,0.0026606886384,0.3303524637856616,0.998359879186,0.00380256251448,0.30759997479882295,0.997305555841,0.00269277903617,0.30796496154416025,0.998283113866,0.003136366052,0.2751245634144201,0.997970266126,0.00361367679639,0.2961767900924682,0.998482487894,0.00299265653686,0.30121837578429955,0.998202995144,0.00300704743024
NL offwind,0.5258069532413682,0.999563675426,0.00648312171487,0.5279155236049865,0.999348209923,0.00782600456708,0.5264766047512358,0.999585509964,0.00710724686723,0.5144506255076421,0.999366302817,0.00598808265264,,,,0.5370534252269265,0.99964377102,0.00684625794657,0.546439527696756,0.999552098197,0.00474854791364,0.5060107596464921,0.999700549211,0.00679505930849,0.5228618984015092,0.999614996698,0.00509305468549,0.5128632410072937,0.999408432673,0.00878616904447,0.5133824596745976,0.999627611321,0.00521337590111,0.5452024650224608,0.999532003082,0.00577051832781,0.5147017288891345,0.999494336892,0.00467527395025,0.5142864795651277,0.999585793486,0.00638028413341,0.4777271393409416,0.999634512795,0.0070996042296,0.500694795980771,0.999546245571,0.0066746334005,0.4999935908207569,0.999489979291,0.00427749500839
NL solar,0.09983911648586455,0.678496978954,0.0,0.0986291961344537,0.669478026684,0.0,0.10246754496229396,0.683955157797,0.0,0.10046458743406585,0.696908204527,0.0,,,,0.09773050359824793,0.657944961915,0.0,0.09622374329595774,0.649227525759,0.0,0.10126592499710323,0.692527939258,0.0,0.09820917606102991,0.669151864209,0.0,0.09674633200335687,0.662579261392,0.0,0.09830356425914333,0.662976109215,0.0,0.09258781353161186,0.63941727605,0.0,0.09845080269165421,0.655272171799,0.0,0.09784275630363763,0.656820363801,0.0,0.10096375759841202,0.664125194405,0.0,0.09779962918342708,0.656057332596,0.0,0.0980929590978603,0.649250748443,0.0
NL ror,0.4674502084284182,1.0,0.0,0.466878335876674,1.0,0.0,0.40601800008973277,1.0,0.0,0.4544689942022158,1.0,0.0,,,,0.5105162622408695,1.0,0.0,0.47375020574747245,1.0,0.0,0.41142367229153215,1.0,0.0,0.5233653469707981,1.0,0.0,0.4733436858497298,1.0,0.0,0.4298740114661374,1.0,0.0,0.5473050680743805,1.0,0.0,0.4370461261650697,1.0,0.0,0.45841448745524666,1.0,0.0,0.36937396577791304,1.0,0.0,0.3526533008787916,1.0,0.0,0.41856540525831254,1.0,0.0
NO onwind,0.43472453576628173,0.967810893817,0.026130980502,0.4117449507274828,0.965372636267,0.0243907781801,0.4246782388215252,0.977606139242,0.0308150239473,0.4051422709840876,0.978931068928,0.0232017820145,,,,0.41761737106308433,0.97437884921,0.0190849557059,0.42202147326923345,0.968762100865,0.0186224097889,0.41416416010674045,0.976582615176,0.0235548024021,0.408025243897501,0.967389182307,0.0153312923183,0.40775598290645426,0.955834204817,0.0190959761622,0.4261582075890892,0.971472459411,0.0240240844396,0.4152878105997149,0.962220711762,0.0197190521764,0.4183737272356319,0.969098086684,0.0150222261223,0.4229640590988294,0.976701251162,0.0249231773742,0.39384815323469574,0.971514617845,0.0182392475392,0.42255753470011437,0.969437297221,0.0205881289829,0.3960278610037776,0.982416669663,0.0226776874384
NO offwind,0.5422800984168369,0.991140442452,0.0596407222506,0.5202534044063649,0.980966614666,0.0431963349957,0.5332657000105556,0.985237088345,0.0457812626006,0.516976250708752,0.973849903117,0.0493915306695,,,,0.5246376753342212,0.990256149325,0.0382163009758,0.5313348618980149,0.980572035989,0.0424490769944,0.5223596912657069,0.976943145965,0.0287331342875,0.5150064761117549,0.9764762161,0.0472902783728,0.5171303739240836,0.977025307508,0.0441293516999,0.5284221073957222,0.977390298184,0.0504657368453,0.5229491003655325,0.986010695872,0.0466559938567,0.526545705653987,0.984921586593,0.0402035993096,0.5371695711189496,0.986515160816,0.0481502940602,0.509659864025694,0.986947707696,0.0472080378015,0.5336658723683748,0.97727128649,0.040666461247,0.5023154810335246,0.986680221671,0.0350834856956
NO solar,0.11337057255146282,0.783303318147,0.0,0.11463444829075214,0.802893112473,0.0,0.11213149200998206,0.783154644876,0.0,0.11204481250323906,0.778361678271,0.0,,,,0.10924733495069165,0.793695418025,0.0,0.1089489394996698,0.765175481331,0.0,0.10680975073919795,0.766226370048,0.0,0.10781767748768645,0.767317341531,0.0,0.10464631951777494,0.77471584377,0.0,0.10290422262977561,0.76306954244,0.0,0.10337112398374178,0.758640805936,0.0,0.09863211669336991,0.759938665816,0.0,0.09935888596295224,0.758807145599,0.0,0.0978811969381284,0.732267903533,0.0,0.09556563202746235,0.742358759164,0.0,0.09693894011783022,0.718977138639,0.0
NO ror,0.6450410431131004,1.0,0.00263380688277,0.6342969109104774,1.0,0.00149693429841,0.6321976687847439,1.0,0.00160371522711,0.6348502758187823,1.0,0.00128548662863,,,,0.6771773825137258,1.0,0.00215712487459,0.7150788308053054,1.0,0.00254837109032,0.687187186670495,1.0,0.00139914767685,0.6578755568395404,1.0,0.00213049423435,0.7086459249410763,1.0,0.00257436036063,0.7313494277278734,1.0,0.00462996726259,0.7361471540767498,1.0,0.00436669096355,0.7809513657480466,1.0,0.00384640489583,0.7622010608705667,1.0,0.00272488753286,0.7157177460953603,1.0,0.0019193089934,0.7712668493768059,1.0,0.00670553306558,0.7249588127458164,1.0,0.00244502814888
PL onwind,0.26540801291442856,0.994035228588,0.00668428919673,0.2736276073570748,0.994602320379,0.00465700077424,0.25977869727093517,0.993458754339,0.0095132073511,0.25616830824393994,0.991085149746,0.00693185543583,,,,0.26021775876575737,0.98374645653,0.0063328051867,0.2564988730314926,0.992905138898,0.00528143299583,0.2409192684217886,0.986724657595,0.00597912804886,0.2533208317821416,0.979796426789,0.00506171935192,0.2547422571581587,0.990574967901,0.00729923165621,0.25213094369741385,0.98417820338,0.00552072085604,0.26795102554029393,0.990321238455,0.00630184998163,0.2579855927343152,0.994654476404,0.00494419735326,0.24925133292811683,0.991628268086,0.00719252906879,0.24220439814834246,0.9873653171,0.0060589732346,0.24998710603007282,0.988292134551,0.00554686186563,0.2548260407836645,0.987122280379,0.00767991463584
PL offwind,0.4697084654084267,0.992209329777,0.00620235483784,0.45761661701070433,0.992971470463,0.00456279661431,0.4577742413148901,0.993553919653,0.00536057053141,0.4340706427895367,0.993204439482,0.00386122971821,,,,0.46665019170114,0.99326279577,0.0040676201781,0.45639092856348595,0.992657849148,0.0053949401758,0.42651962731691556,0.992579203761,0.00459623232241,0.4417961835038125,0.993571222046,0.00379830111369,0.4431525760061238,0.993530055449,0.00463738943648,0.44830030961775175,0.993414473936,0.00621766275814,0.4641005412536978,0.99328851511,0.00582121442531,0.45796359292628586,0.992637054535,0.0051476895701,0.45071690874306025,0.993607254984,0.00591917988993,0.426674103175404,0.992980334172,0.00453255001624,0.4476550901426566,0.992743180595,0.00473443296723,0.4480848908423227,0.992484104008,0.00635608438037
PL solar,0.1152240690283116,0.793351945319,0.0,0.11169156813671796,0.759983384222,0.0,0.11796299624816699,0.784688304003,0.0,0.11388808443455267,0.767498613423,0.0,,,,0.11152048174396273,0.751390241009,0.0,0.10840831104456727,0.742475619707,0.0,0.11299180953204628,0.781976188255,0.0,0.10611666782186169,0.708569198129,0.0,0.10834282751455386,0.775346202147,0.0,0.11079667071951617,0.719257670286,0.0,0.10674452750753363,0.708865221092,0.0,0.10703152785065524,0.737393685573,0.0,0.10690464327211799,0.701086475963,0.0,0.10638410941843686,0.775854099958,0.0,0.1072866435432712,0.782675550558,0.0,0.10641654379984465,0.687690654031,0.0
PL ror,0.2756000674113032,1.0,0.000818104787826,0.3347505438440596,1.0,0.000798309620749,0.2611801672391817,1.0,0.000376007166225,0.32996480914525483,1.0,0.000638410759061,,,,0.31359533723033406,1.0,0.00037359917129,0.2964111483986549,1.0,0.00103225764799,0.3020395844134157,1.0,0.000779939952824,0.36848270127194804,1.0,0.000490211672303,0.3110853687769103,1.0,0.000967469841765,0.29242081734052494,1.0,0.000721867651512,0.3217784108922212,1.0,0.000943875359134,0.29190270461248713,1.0,0.00108365826669,0.3243866813996159,1.0,0.000860271576998,0.31947824227198524,1.0,0.000618131987114,0.273166197562758,1.0,0.000532416878903,0.31716794333160153,1.0,0.000751655162784
PT onwind,0.26260920040516433,0.993122123335,0.00740928444287,0.2714624261526882,0.990427682376,0.00805981047732,0.2557991794856547,0.990125490876,0.0085935633366,0.2618735194715795,0.991170180869,0.00887018017938,,,,0.2718096297220666,0.992703314277,0.0106500382824,0.2644313989488476,0.995595106791,0.00813536668791,0.25786004005817253,0.990089191436,0.00841650562148,0.26817578613268495,0.986092834479,0.00569855644526,0.26706201198911894,0.991163245008,0.00633273729072,0.24856906690362854,0.990539157281,0.00791604822728,0.2644263375687825,0.991833567294,0.00784808656801,0.2656175594128503,0.988720752237,0.0108617648981,0.2540460070491462,0.988852143838,0.00567400592384,0.260490203033452,0.988598728484,0.00613746314626,0.24976196556394883,0.990732793052,0.00837233286247,0.2565298612859652,0.988237808524,0.00697989817576
PT offwind,0.4612745233292384,0.994639428028,0.0136925027831,0.4737799462371826,0.997086840077,0.0162958473771,0.4497011686082404,0.996373986794,0.0107453811081,0.45671363097782086,0.99327866133,0.0191206692592,,,,0.46902679462667785,0.995569284451,0.0181444074526,0.47762798198058676,0.995940744127,0.016141845076,0.45704586582206363,0.993392304125,0.0108702579254,0.4559690751351011,0.995791232747,0.0192864610552,0.46580594629024713,0.995457923957,0.0144087083884,0.4441681798106558,0.996001716955,0.00997257902626,0.4647721881544302,0.997392327304,0.0159541830554,0.46579386277969514,0.995410399469,0.0132169521147,0.44720086449887714,0.995037797017,0.0120845499384,0.46270084734340217,0.9963214382,0.0113382176968,0.4475306458721409,0.995209940816,0.0144044879819,0.4558011984554997,0.996645574774,0.0148198410832
PT solar,0.1385540416563013,0.682460847378,0.0,0.13879193607753224,0.697970692325,0.0,0.1403630739555545,0.676351057774,0.0,0.13964914574380397,0.678916727028,0.0,,,,0.13831745411667495,0.678593328983,0.0,0.13960534908358302,0.679406625692,0.0,0.1388353585581068,0.678678330439,0.0,0.13941632369987395,0.68069622464,0.0,0.1396137128413929,0.676349043709,0.0,0.13966629139332382,0.67351946555,0.0,0.14025488619527152,0.681904811427,0.0,0.13724645281644232,0.679712556392,0.0,0.13975366865992278,0.675294232099,0.0,0.13652144442181266,0.67385173981,0.0,0.13953845390014671,0.675039605562,0.0,0.13959877015729147,0.670547148772,0.0
PT ror,0.3462122590026969,1.0,0.000323837862404,0.35034896271552207,1.0,0.000417153754333,0.3273170241570317,1.0,0.000287881216884,0.33919335015962626,1.0,0.0003177442443,,,,0.34894519468551805,1.0,0.000207375347159,0.32584723633515356,1.0,0.000422596733148,0.3449206323104493,1.0,0.000578253086447,0.32410655654812315,1.0,0.000417004295243,0.31845906834868176,1.0,0.00037672913108,0.31099005556864107,1.0,0.000521735131062,0.2979838653625098,1.0,0.000379593846637,0.34453700022314704,1.0,0.000409915546444,0.3057077635911828,1.0,0.00017889210849,0.35309605007459877,1.0,0.000536241135868,0.2852958977392692,1.0,0.000409730028673,0.30865428149742075,1.0,0.000322518493741
RO onwind,0.20824275162135703,0.927824605871,0.00753098553319,0.21499239272436768,0.948584599305,0.0115121104331,0.20481976337208965,0.932957064553,0.0117298122321,0.21285541137697273,0.977249338515,0.0112669042679,,,,0.2012813359836107,0.960909373935,0.00969133730121,0.1990527568686096,0.949243520103,0.0103320540979,0.1990988960808371,0.891627090419,0.00761595579444,0.2113685815372742,0.96113557976,0.00912214471105,0.20418042846716025,0.957439808348,0.00823627900523,0.196691086836838,0.948239414626,0.00764637594548,0.21226248044311097,0.942040828587,0.0114428995835,0.203501815464596,0.943773416339,0.0102039259637,0.20241706027928527,0.961843288473,0.00873613482585,0.2093812129371035,0.948616687154,0.00808603159556,0.20091870765510286,0.932765183626,0.00910199538419,0.20771721094708326,0.975958412982,0.010394149181
RO offwind,0.3422956093960231,0.998751428075,0.00342039052294,0.3411371595868179,0.998482637193,0.00518846240116,0.3478966799129707,0.99831913325,0.00412791888111,0.3427702446126527,0.99784572879,0.00381553510364,,,,0.33022824298454906,0.99792341889,0.0030262103665,0.32363673779534013,0.998349376082,0.00450282208635,0.3515340745823069,0.998346711979,0.00329306982222,0.3514777451020393,0.998280338292,0.00375263711155,0.3410757757415918,0.998338448486,0.00425593456932,0.33049515543405655,0.99851070085,0.00351491806581,0.3448021117596229,0.998419981851,0.00406113781599,0.3249556288813984,0.998332443242,0.00278985613276,0.3368150756288585,0.998369838647,0.0032153992258,0.34870693607492087,0.998961744654,0.00223047803794,0.3450115195194748,0.998633519035,0.00431368124381,0.33458815318844554,0.9982909951,0.00430915660204
RO solar,0.1402342896926014,0.776980818787,0.0,0.14019149180543863,0.725478809131,0.0,0.14181278029683644,0.758430552005,0.0,0.1374837416533326,0.794968426138,0.0,,,,0.1378298823994949,0.731970445201,0.0,0.13934498829405662,0.740160029385,0.0,0.1366782271740543,0.745013027374,0.0,0.135377162534466,0.718019293229,0.0,0.13562535554042002,0.717586132097,0.0,0.13756149075515828,0.722786121961,0.0,0.13570721313237635,0.711035780736,0.0,0.1378990975851932,0.733305013014,0.0,0.13478607521174976,0.696337641629,0.0,0.13526987157802148,0.731485273341,0.0,0.13358298912788683,0.730413907442,0.0,0.13427772936106733,0.704138099012,0.0
RO ror,0.49709886303698786,1.0,0.0,0.5211926634533602,1.0,0.000834437234715,0.487843799122116,1.0,0.000350149879929,0.5272536127096442,1.0,0.000697189813681,,,,0.5277967795862942,1.0,0.000830088395104,0.5030653910102931,1.0,0.00126029258028,0.5481691628704373,1.0,0.000776076293344,0.5787797333750428,1.0,0.000868652977488,0.561534290610017,1.0,0.000798822956433,0.5179232128513704,1.0,0.000849866626559,0.5773744961219407,1.0,0.000710049520435,0.4888420564417723,1.0,0.0007431394515,0.5449549915227272,1.0,0.00106561239846,0.5455664097937306,1.0,0.000750782195897,0.5168345101399429,1.0,0.000490820948932,0.5518229971784131,1.0,0.000804667254558
RS onwind,0.22437100015787478,0.97673140197,0.00686767232871,0.22735540293332376,0.987848113884,0.00587002890251,0.21761807091494906,0.968459459299,0.0072350964087,0.22657543319211337,0.974860934603,0.00605525616864,,,,0.21472637171339826,0.987627196882,0.0058899647157,0.21188212590363398,0.985569153641,0.00619070484476,0.2111849965993382,0.969421471933,0.00672542777709,0.22058727261783453,0.976324951651,0.00579641250394,0.21849929660875064,0.977321302595,0.00713790133715,0.2094261410529172,0.976866541185,0.00621058791131,0.22671945471432883,0.980337069292,0.00720677477591,0.21254220547597782,0.978660181496,0.00591362089549,0.20875706295685348,0.973005179721,0.00557982045717,0.22063977914089783,0.979445308739,0.0058806376031,0.21621885475060595,0.977133640011,0.00597370746772,0.222872542206422,0.985942227192,0.00585562160888
RS solar,0.14015241807158976,0.750351775163,0.0,0.1392086248616853,0.770038308112,0.0,0.13933082543854045,0.756620575516,0.0,0.13581975005354027,0.824662968532,0.0,,,,0.13741629683630524,0.74007691551,0.0,0.13789092344891365,0.724397159389,0.0,0.13585927604916964,0.730259098614,0.0,0.13570579389394052,0.71692170815,0.0,0.13490967040335525,0.742627783311,0.0,0.13627036047970154,0.750002876699,0.0,0.13553286850544455,0.72961607956,0.0,0.13717194779432973,0.729239803556,0.0,0.13525147438029966,0.710318508256,0.0,0.1346570927914786,0.719980349549,0.0,0.13300141118627107,0.736541393306,0.0,0.1335887388999065,0.725061605415,0.0
RS ror,0.5076725787434161,1.0,0.0,0.5768248840094016,1.0,0.00162222671305,0.5326492475323409,1.0,0.000802640069918,0.6315945274367593,1.0,0.00159007198526,,,,0.5405263976621645,1.0,0.00209833660634,0.49109482476919813,1.0,0.00133006619937,0.5978211770474727,1.0,0.00191956745711,0.5726938296602615,1.0,0.00160605285835,0.5951620803640129,1.0,0.00131171912414,0.532900848733549,1.0,0.00161580333149,0.537116113846006,1.0,0.00166183554152,0.47548030022268817,1.0,0.000912377628834,0.5450274963786297,1.0,0.000831889698113,0.5106087879456042,1.0,0.00106861351933,0.5755274721050218,1.0,0.000774124076213,0.5259472410815133,1.0,0.00158430173606
SE onwind,0.3449816105807266,0.976047522905,0.0228441935306,0.32504588619165886,0.981413221835,0.0139882222227,0.332632544853286,0.980603955859,0.0152598203216,0.31405976597645924,0.987543091485,0.0139021628484,,,,0.3311208040312128,0.971216472331,0.0169030365682,0.32876018359329306,0.977226208886,0.0167420421961,0.31643955822052083,0.979937243034,0.0177784013878,0.316507586694234,0.977655491771,0.0178701838663,0.31581439732148475,0.976752165759,0.0131886840478,0.329729580219861,0.981816582916,0.0180665247612,0.3300129636076936,0.983920613988,0.0124085939078,0.3300499103160602,0.980342455666,0.0184748775524,0.32971336820304625,0.983783947051,0.010086857972,0.30628060429592807,0.980371647594,0.0180534929177,0.3295649055686183,0.98602479526,0.0125194227053,0.30789669488619803,0.974371549884,0.0145925775157
SE offwind,0.4463664000577691,0.970828824123,0.0177154033672,0.4322175388333253,0.97511335817,0.0196671580814,0.4400564175066782,0.973887205677,0.0198793462581,0.41520230203418507,0.970731187901,0.0167647607981,,,,0.4445458186883777,0.972454752698,0.0176609896239,0.44109206976511733,0.972222369376,0.0228494114931,0.4216576368248583,0.971324066159,0.0165259961216,0.42611577240739507,0.971697245528,0.0208586064365,0.42433380095722684,0.972300711252,0.0138459932756,0.43578991259289585,0.97505815298,0.020577264038,0.4484865619328099,0.974902801053,0.0174842835713,0.4458521790910767,0.9758955255,0.0167966951184,0.44017283233105486,0.973660825468,0.0215836429956,0.4113837631494138,0.973447967137,0.019017940216,0.4378108653782805,0.974838020102,0.0187030223753,0.42411598823013663,0.973496621877,0.0141502294994
SE solar,0.10968597836414239,0.75099371342,0.0,0.10692800788829446,0.759740131873,0.0,0.10807671732570637,0.730016090165,0.0,0.10757640916337977,0.751354037445,0.0,,,,0.10468596503285141,0.721904950384,0.0,0.103038231871829,0.712588257874,0.0,0.10649621136293225,0.718804266831,0.0,0.10176191051632218,0.742600486084,0.0,0.1023951720882288,0.672848506868,0.0,0.10212448383762433,0.684616767194,0.0,0.10005545972048094,0.696380442518,0.0,0.09924716092525492,0.695932171119,0.0,0.09964563257731637,0.685450496192,0.0,0.0996101422595181,0.716624058801,0.0,0.09838597649618012,0.680368716925,0.0,0.09813514026029019,0.672813460723,0.0
SE ror,0.5730594710266957,1.0,0.00132194456612,0.5688623891066255,1.0,0.00268927991733,0.5666606524452162,1.0,0.00106352811623,0.5823641149114049,1.0,0.00181409096957,,,,0.6185691336952073,1.0,0.00216589997515,0.6158958939333035,1.0,0.00422555667042,0.6206079964747856,1.0,0.00393223928022,0.6129438659232898,1.0,0.00291183052148,0.6387949785367121,1.0,0.00370052154905,0.6661832847037011,1.0,0.00556943259482,0.6497751839708299,1.0,0.0047304089078,0.711138795904744,1.0,0.00626496956665,0.7006292547647758,1.0,0.00437499523623,0.6911498016330155,1.0,0.0062774679181,0.723949315236014,1.0,0.0101073809648,0.681858428201823,1.0,0.00569582738698
SI onwind,0.24245240310973065,0.987972224749,0.0049725122885,0.2492145374473092,0.989101424345,0.00579610272962,0.233612474798813,0.989747462483,0.00501101301917,0.24641806300666483,0.992086003667,0.00431152841176,,,,0.23447834719421798,0.993562226256,0.00446946189982,0.22727056533449047,0.983356249876,0.00544330707505,0.2268618480521118,0.992176156917,0.00556683531688,0.2262310772508529,0.987824133607,0.00449890389648,0.22667112185510468,0.993631759448,0.00456168435406,0.23140935321292283,0.993960281173,0.00456302360047,0.2381724356814944,0.989572691625,0.00411282371938,0.2269642189910764,0.989511676573,0.00335046912252,0.22374069139800878,0.991178896396,0.00632115550184,0.22516129040518057,0.991841103864,0.00467926682178,0.2294822658084285,0.980338365609,0.00448964518742,0.22891768427625067,0.990882295051,0.00412343867957
SI offwind,0.17573503341618435,0.997930859398,0.00160760806959,0.17933776293341241,0.99790011843,0.00166882992369,0.17849725847793682,0.998600588882,0.00158010960948,0.18153838887916035,0.998745125633,0.00175680716904,,,,0.1703377629197954,0.998900352872,0.00168074913076,0.16118159317267708,0.998541927107,0.00173047998002,0.16556757539554545,0.998534149482,0.00161289944329,0.16260366621073674,0.996230290941,0.00167723742404,0.15168848700021043,0.998400544981,0.00172127606384,0.16792355021966238,0.998695018077,0.00160872763886,0.16024941797202977,0.99591883172,0.00187469057503,0.16349116326020888,0.998333527865,0.00173148098983,0.15195243937193295,0.998627849526,0.00161594767696,0.1685805129109807,0.998707108669,0.00165875169635,0.16236989302771454,0.998588556315,0.00173622796133,0.16705129424696388,0.998607593579,0.0018765119875
SI solar,0.13687692294377657,0.758854000498,0.0,0.13418809937680845,0.729590674794,0.0,0.1365361664168337,0.740812770817,0.0,0.13380215309138213,0.761012267712,0.0,,,,0.13407284910094774,0.743234901592,0.0,0.13525285905124526,0.718370136747,0.0,0.13298841742086173,0.74086510179,0.0,0.13275731971935179,0.709608371755,0.0,0.13437733236076116,0.769215143819,0.0,0.13150058401540554,0.728997394602,0.0,0.13346986364310245,0.706606342493,0.0,0.13249086380709374,0.722438596403,0.0,0.13139059400629233,0.718402475431,0.0,0.13165848322687201,0.745707498771,0.0,0.13215288558599045,0.740785022707,0.0,0.13096242100157943,0.733452361475,0.0
SI ror,0.5436087337637043,1.0,0.000916198681609,0.5978499198372256,1.0,0.00109260098107,0.5172576963741791,1.0,0.000624500020679,0.5969748747826453,1.0,0.0007632807958,,,,0.5861035084367067,1.0,0.00111812163003,0.5329167009547227,1.0,0.00121485423894,0.5749525313826714,1.0,0.00134154991953,0.6087251613170509,1.0,0.000874302782453,0.5521847499740278,1.0,0.000607578077352,0.567949530801155,1.0,0.000979793573932,0.5520505697490631,1.0,0.000966231305825,0.5771207702750031,1.0,0.000579243500889,0.5551109718522845,1.0,0.000801766452935,0.5881000362447264,1.0,0.000905330488651,0.5104046398204344,1.0,0.000519015631443,0.5724118359506712,1.0,0.000393547198498
SK onwind,0.2357070543197495,0.991012989128,0.00652375784017,0.24923079592112754,0.979740617351,0.00539593215732,0.23329239425391532,0.97760562347,0.00511326921356,0.2404193209955839,0.986959572102,0.0049062061223,,,,0.23027800136426532,0.983935495838,0.00603781118446,0.23048255277010818,0.981294074548,0.00513688739809,0.22433101633929753,0.975258668235,0.0062896716865,0.2354946963645198,0.978002244388,0.00410479522605,0.2302859355918753,0.989118180601,0.00436519922489,0.2259477018310277,0.985159206997,0.00473165342195,0.24326453028462952,0.986664112758,0.00478770035129,0.23321596629864952,0.98180373505,0.00550160461075,0.22860611361893377,0.99290572168,0.00483764295876,0.22790817423784995,0.984212478699,0.00546376298329,0.2338461391419726,0.985730836533,0.00634439271888,0.23848472127310794,0.992138776314,0.00545311692098
SK solar,0.13430774111067134,0.773509070685,0.0,0.12964414596654958,0.748931461397,0.0,0.1338513338816313,0.825041339945,0.0,0.12976937584995568,0.813139467368,0.0,,,,0.12881789193489998,0.740987781271,0.0,0.12956765331624115,0.745445101991,0.0,0.12896906153758128,0.752966350625,0.0,0.12646216272449645,0.729470599175,0.0,0.12897384592729513,0.757692558799,0.0,0.1285289144671081,0.725266826258,0.0,0.12677444187646614,0.717831787174,0.0,0.12637573501390137,0.746807428816,0.0,0.12590966254873567,0.713128388775,0.0,0.12601868162500962,0.779263682327,0.0,0.12715172803922073,0.751640844644,0.0,0.12406769610662509,0.711163515236,0.0
SK ror,0.39492904048561306,1.0,0.0,0.4952864370423424,1.0,0.00102507735113,0.395222453569206,1.0,0.000405398582309,0.4707142400772652,1.0,0.000992595529671,,,,0.46154028291572163,1.0,0.00048328517972,0.42401386101160843,1.0,0.000987485739165,0.43311675774672587,1.0,0.00111748599101,0.5298225016608803,1.0,0.000824282505797,0.4435225629089796,1.0,0.000846853398007,0.43980361207579094,1.0,0.000980613931789,0.49638996101700816,1.0,0.0014557222122,0.4562516758516981,1.0,0.00061788415726,0.48263024772879953,1.0,0.00103445603076,0.460020909801045,1.0,0.000861176527902,0.39505936689179294,1.0,0.000650808260749,0.47674979969538095,1.0,0.00108834133285
