bus,carrier,1970-1976,1976-1982,1982-1988,1988-1994,1994-2000,2000-2006,2006-2012,2012-2018,2018-2024,2024-2030,2030-2038,2038-2044,2050-2056,2056-2062,2062-2070,2076-2082
AT,OCGT,105.39657524521178,155.57246867901085,254.1918525731355,250.80368000095936,198.26115884730356,234.03073974451672,147.49511859960725,199.77785149085148,190.3746561418371,154.9192923393685,212.915246926968,205.85127404578677,153.4174932932778,232.55033413817017,161.5345935359314,215.69793789342359
AT,onwind,159.63000200803873,151.086220824047,161.1542592071329,158.9254472101905,158.6698759768523,161.95439550454077,161.88040168078032,168.59437732906508,163.99649843106673,156.6033763834406,173.16320041761065,155.29014592461715,171.44940507344296,170.434359293944,174.14057797980868,171.60356189322854
AT,ror,0.0,0.0,0.0,0.0,0.0,0.0,0.0,0.0,0.0,0.0,0.0,0.0,0.0,0.0,0.0,0.0
AT,solar,248.01768291293888,254.4782725188622,243.76904879704315,248.725010017659,257.28533167294717,256.6851356315729,258.72740834829233,251.80410008837825,256.97455801724846,257.6365087109701,255.11587573729182,258.15528413176656,266.34351550160244,263.66584377894634,263.38153006140175,260.8351421786295
BA,OCGT,115.74267389494955,108.75455879712767,188.71245789582315,159.69230954128423,169.0491104519227,197.95442252432792,114.02787934704963,168.8951823048348,124.12692103741296,135.17057188435518,160.09771181279527,138.43625420439162,151.59098728254057,173.50474343013565,149.2064351439573,119.58836494109609
BA,offwind,589.6704358034472,638.4658827920903,626.5121042889471,554.7048502098911,622.15469564434,597.0105690276729,652.2433642024965,633.3202767004093,598.5575770991825,629.7086123141704,593.2169713334391,625.9694899627979,627.3881829103585,636.3296618599439,604.8283091920804,523.3954755181095
BA,onwind,183.63930268674838,184.8388917372297,192.0141924612718,184.52767323671569,185.06471532326736,194.20478305359333,191.8572934498842,203.9174569559562,190.83115875920927,189.93190394859326,199.74742684037483,182.95197620312095,196.26808710282245,204.01659133267677,195.6004915714083,198.01920585233938
BA,ror,0.0,0.0,0.0,0.0,0.0,0.0,0.0,0.0,0.0,0.0,0.0,0.0,0.0,0.0,0.0,0.0
BA,solar,237.2024223932855,258.3618172107014,244.8586128798993,248.54467147883366,251.01004936096766,254.3126708543203,256.3434395333918,251.04011150513168,250.72016566621056,251.0874530686827,250.1477462050584,249.02364473405817,258.78366725422086,252.3238386970893,255.59773092016948,257.5097181230479
BE,OCGT,178.450238159886,183.68209338416787,242.22673701824283,216.84484430606656,205.18075428417976,191.85664799740064,208.7535267314266,186.40826197964384,189.03692638633325,186.9104342482951,195.71443736111559,201.0035116430143,191.0595258056989,207.36469832749955,230.98995360961905,192.71384796504643
BE,offwind,278.18170531444713,298.4541268867729,278.8104250540249,276.9419693630656,293.83656413055064,280.59413957044575,265.9140501199091,288.52805961598165,283.6369650875997,286.4708657213662,283.9587387777599,273.93861595115567,288.13113449962344,289.40507521127915,312.15570287649376,275.73656506022644
BE,onwind,199.50683299742124,168.98292062063504,195.95539596839546,184.9462187909281,197.6743971599619,187.99911485940208,175.99343998247252,198.875821732594,186.64751085194186,214.86055526894762,214.49564416729334,184.35593826281618,212.91615707404435,195.77761520667283,251.1494876786583,211.7554798646762
BE,ror,0.0,0.0,0.0,0.0,0.0,0.0,0.0,0.0,0.0,0.0,0.0,0.0,0.0,0.0,0.0,0.0
BE,solar,346.1076331060251,340.70637556003095,327.1793018644955,326.2579992829171,332.82782138060065,344.15446924197516,351.99454048045277,327.3329262805256,342.3288130429474,346.29499710241294,342.1317225691525,360.6511254505509,338.86414525675355,345.35716630259685,326.23668796609445,326.17479096807745
BG,OCGT,113.87548961917113,133.35368783575103,223.88997819658212,160.36395186551732,142.92675006647923,151.56248226610586,175.39914423386557,206.90085779088332,107.34196594043179,122.87953611433981,109.83241677065797,153.54612328064894,115.81488824540087,229.2577690332838,166.61999625598577,103.70154439475581
BG,offwind,392.04187744840834,408.12357264492607,373.5194792768623,392.33190004025465,396.24468404626623,416.551424952236,417.3967313247395,369.05645963738255,399.26730204703404,406.9280409346117,407.5497151765319,395.70450844777616,423.6352782452253,404.27408968911885,399.15244674853295,409.4327441507148
BG,onwind,282.4105597772227,281.71539524516817,271.54088041115284,275.4920937834849,272.29107041519944,293.64644547248963,285.313281734479,279.1924767059152,271.49677003411574,274.63376885293565,297.11741693135303,270.7985650819484,295.62057230323524,279.4742157749038,281.629260181252,284.95465623706235
BG,ror,0.0,0.0,0.0,0.0,0.0,0.0,0.0,0.0,0.0,0.0,0.0,0.0,0.0,0.0,0.0,0.0
BG,solar,178.5431324699719,176.58690714193105,179.32671156665467,182.70478635895228,178.704056231139,178.21533668995394,177.4868986028195,182.39004803923666,182.7906593825175,182.7544789466217,181.16128868106884,182.03376271108834,179.2396122004705,181.98681191274832,182.38390221590328,183.46328215789126
CH,OCGT,107.39376207147727,147.38201238642003,278.58581230014795,255.19913946579143,112.08851659290431,231.80934354978294,168.3933761069031,202.61785239581036,190.26924548228862,106.52854985867926,209.36503667874862,209.41492256125923,102.94442878719404,236.4908779999728,223.98497234034417,214.55977059278834
CH,onwind,151.51244064761104,149.35565322744756,158.98162170050517,154.3796257688705,161.5500958010816,157.21005491360884,164.3194686344363,165.46070676050286,162.58712035474446,158.4043139231702,171.18863615622365,155.41342504569366,170.34824214083122,175.23111385003568,182.3221302867935,164.56742546984808
CH,ror,0.0,0.0,0.0,0.0,0.0,0.0,0.0,0.0,0.0,0.0,0.0,0.0,0.0,0.0,0.0,0.0
CH,solar,228.08952433841102,181.49260700377553,179.65031090872188,179.99525291484326,181.13155831893795,183.86272696621091,238.2391214049625,183.6303109314198,185.90428406188676,189.9964591784326,235.17150493785132,238.22784432657346,229.09069411148434,242.58750982746298,189.68829555529445,193.66685043499174
CZ,OCGT,140.72233020553207,152.06323290883233,241.02310970211477,238.06746090351726,186.78637594997411,220.07871805086563,143.98161862423882,192.80673396144988,182.61261390289266,149.84056239490002,204.6065108355395,200.72903887659842,146.19327748615964,218.50277097344878,156.73302731963224,204.6294546644982
CZ,onwind,232.5726031866982,246.45284587232922,243.1838365634337,232.18855956547253,237.81156296475342,246.45156204619218,248.93200165413762,254.3369501295785,247.11216346450084,241.0454100121154,252.4402527213973,238.16377369818113,258.3216665952804,246.89542630718813,261.7776602926733,241.68851620240326
CZ,ror,0.0,0.0,0.0,0.0,0.0,0.0,0.0,0.0,0.0,0.0,0.0,0.0,0.0,0.0,0.0,0.0
CZ,solar,270.09788519173867,280.2676577832237,261.4268108858819,269.7561193621298,283.23044915006284,279.8567973955114,284.79676723921665,274.6501814289475,288.60879406407736,282.27401193318053,280.3308907795438,287.62322382884514,285.6282601088356,287.01320159298075,288.7959865826458,281.9211875616748
DE,OCGT,172.52343274629527,204.19169492538026,248.34459056803956,220.91505766754148,195.6687988633927,195.522681665931,217.1952378479191,191.5907067221469,194.40170409699013,188.6677469148315,196.53786563434522,201.88724584931975,202.8790307752021,206.43022668497136,293.86945114284674,189.68070001418124
DE,offwind,261.4490452251372,265.67941956825297,252.16801828160075,263.60187021220014,271.48642569122774,253.9890904299827,246.47823166827547,264.30055498936366,260.85648759450896,262.3121315457234,269.7378903540797,250.1521749898237,263.4215789576882,267.00819201769815,280.4288128379477,274.0253475032993
DE,onwind,225.01415050585058,231.1287375068988,224.32502997037813,226.090702953115,234.32632985196867,222.1190122358484,230.14304634491924,242.99342079910394,230.19219374925405,219.64811750560017,236.7565340893681,223.88419226715138,251.66393644597886,228.879340876351,254.23653861262054,230.8823162884174
DE,ror,0.0,0.0,0.0,0.0,0.0,0.0,0.0,0.0,0.0,0.0,0.0,0.0,0.0,0.0,0.0,0.0
DE,solar,317.21359310819247,326.8145433470026,305.0995925615067,303.1438833725585,315.48174013163947,316.7412023925887,330.8103946250978,300.1393704048096,323.51673328030864,330.3548426434607,321.28361215229137,333.8421871734433,317.6476745612636,318.5358553724561,317.529631523809,307.5527874860796
DK,OCGT,198.475555994992,118.51059906630158,275.7779741794076,208.20043212623077,136.7306785358187,220.5018493009549,171.75457162878908,205.09717947682032,174.33942536255498,199.83859571000914,224.96051583894246,211.31411780861973,192.054975437528,237.33063274296802,160.6845248140489,214.6351476824188
DK,offwind,275.1326402952471,318.04548711404834,279.2395409977612,283.9197349643548,291.3462510126057,280.13062078230985,279.57153078970805,280.7857056338584,296.8581587108942,296.4085571560705,289.6317571366991,282.8847294317398,284.1557992601347,281.7079891672217,295.21469491253634,297.58311953375437
DK,onwind,145.28014236864192,148.87665590945625,145.48554701715912,161.15332719254627,160.47946747631713,146.3068344749138,150.9698444108253,168.81293229414945,163.0107426345964,152.44108089839102,165.3032204393719,143.36219632214454,159.6599092212787,158.31453619258338,178.25367419223934,171.02736000872537
DK,ror,0.0,0.0,0.0,0.0,0.0,0.0,0.0,0.0,0.0,0.0,0.0,0.0,0.0,0.0,0.0,0.0
DK,solar,369.8581276405154,361.46126073280516,357.29597089803406,343.128485040391,363.6095387471858,367.3821112380057,378.3152354673735,354.5937753372995,378.27137166376207,379.99726032601836,368.23521749233396,384.20261160476633,372.9114060318794,376.727683731524,360.2318058010812,347.2591577779779
EE,OCGT,122.34018932838563,143.90216404288614,136.01997627871646,165.0031838958739,156.20241132089907,177.31471534086018,105.29832891013413,140.98410839189987,153.1646419928849,118.20338363249286,141.49550327165963,124.3290477528639,142.4107372783466,156.68435710301804,119.01149194301935,166.43781280456454
EE,offwind,333.92324898594313,346.20103143301696,318.4528887681151,336.8071750974143,325.679573229779,313.00035805196995,318.8857248183102,334.1758591268346,327.60816358153113,343.67131384676986,325.5759231405693,318.7211263017092,309.1016426957392,323.6777176731525,340.8940890563444,320.7571403748911
EE,onwind,171.2830710949544,177.60935583319184,179.49606817894784,180.76248941029704,178.05221122334538,176.889970206372,181.24932693473949,187.91897506291775,184.48501393717927,191.91266201399273,180.44812793373714,181.79306470968615,178.95803224136705,183.43520074384855,196.12481780249598,185.07161726421043
EE,ror,0.0,0.0,0.0,0.0,0.0,0.0,0.0,0.0,0.0,0.0,0.0,0.0,0.0,0.0,0.0,0.0
EE,solar,352.68971787885465,357.15709620201176,352.28536438373425,330.92519893463395,361.84715094403884,374.1287034483434,394.5909506050306,348.90304845884657,384.0102630591877,393.8937602636391,365.1190185288368,389.1157431602222,403.16382262327835,386.84465550566074,369.1775929741566,369.7159359979621
ES,OCGT,151.9228401613365,147.24795033256325,387.56470411695125,246.57691999527958,137.09524804274145,106.18008226150846,152.9304767800318,252.07510428791525,106.10116526285077,179.29258957817345,215.42854806528194,199.84961918527958,199.82420834792035,260.13233113593066,162.50249028167607,262.94549017807293
ES,offwind,297.59669626114214,331.28806726670047,299.150823723851,298.39806456214524,327.12220516317376,320.0090120586335,318.67158452383796,308.390951166123,323.2814933262122,323.1209700739365,308.674204320103,318.0238609423725,318.21325238341433,313.7976256231276,310.1977374075149,297.41613286001683
ES,onwind,191.65306260672273,189.72074999725743,190.79069153975865,186.81435132834156,191.46971708401284,186.6929487978666,197.98348267374098,194.87655704570275,190.83119100915795,186.9511405933431,200.73289674793367,196.2415091408213,193.8166224633027,195.31315327005842,199.82463623452603,199.82178434010257
ES,ror,0.0,0.0,0.0,0.0,0.0,0.0,0.0,0.0,0.0,0.0,0.0,0.0,0.0,0.0,0.0,0.0
ES,solar,182.99776497272094,183.61564673980365,181.53316226166538,181.24112029833222,183.2862455440693,182.65626441436493,184.08408268291168,184.47400365382816,182.84710540708036,181.74746327902017,183.07360215243733,182.4407892592038,184.5145126296844,182.77607738378433,185.95646049356435,183.10917636619655
FI,OCGT,177.30679306739745,149.42817729025973,253.34022930365506,187.1987367469959,163.45350853569687,218.69475272339272,171.27129170890106,187.06993533953977,156.10474677664476,158.6319163423952,206.74485689650515,192.4002752979925,200.21879260287795,215.31349876511706,165.1761957786914,204.3149972795302
FI,offwind,341.7425978100517,374.02381424802263,334.0401115067886,345.6129427291082,332.82945565820796,341.6452544926639,342.7972117139558,338.5080764621897,341.3342850678534,372.92922833231813,332.78370278790743,336.59695497850265,330.42956616011736,323.7862108860137,346.44303388830565,327.6634518412748
FI,onwind,188.24329351159113,188.39426236366978,189.88405450656373,186.19781986646512,170.44535723649463,175.34434347147584,182.12117397444186,193.81920869402626,188.13588313943723,199.5652036853436,201.1254391056448,181.93447439083712,178.4544863459348,183.30517342710056,209.63711758277074,192.54709441277333
FI,ror,0.0,0.0,0.0,0.0,0.0,0.0,0.0,0.0,0.0,0.0,0.0,0.0,0.0,0.0,0.0,0.0
FI,solar,374.25664326104095,371.4672848569663,371.7392961076541,352.3187729738322,375.66066031211835,391.6437280913707,397.8692487085347,371.66994008891197,398.055367765552,406.2106647719837,393.7679042469085,410.1854325650853,418.7969542447047,406.60117354789617,406.46709067778124,384.6226695703095
FR,OCGT,334.9319019949046,276.2411730022427,334.1532892061863,292.3174102222625,253.23796871084048,278.4336560785473,279.7547849897413,322.79588831010005,276.62182962578237,325.52725166189504,334.7999556929359,311.1112607410246,309.3072258794197,297.6862458955179,357.25499204973124,313.1446301057768
FR,offwind,286.9211433978606,306.8780362442752,282.6858916507004,282.29226698204013,302.043557436503,303.23805866367496,300.1263967427933,297.4420989351968,289.02531872805037,306.1919672953603,291.5589558488153,296.88216534311937,303.92426355287944,305.0168412491994,306.11000875036285,289.9858162132564
FR,onwind,193.34911690131057,209.67927699638224,193.98032946521187,196.22716412657314,193.74518736700074,187.98960866946527,208.7853642594938,206.2419658207792,195.43400188751062,191.2283773504216,216.316108203464,198.19149218359158,192.8912441385353,190.41074384017162,203.4923993328549,196.20628154482515
FR,ror,0.0,0.0,0.0,0.0,0.0,0.0,0.0,0.0,0.0,0.0,0.0,0.0,0.0,0.0,0.0,0.0
FR,solar,292.16991620947323,311.84923931522064,278.703988288508,278.7934179370016,290.06021556937293,290.9940164444291,290.4567816218117,280.3639205131204,297.0460953301207,287.4883985735089,293.19980998411586,298.82871490709465,281.77104917749944,276.3795706784649,280.9755743311227,273.80755712563064
GB,OCGT,251.93030514987245,285.3093017532508,351.99071385622113,314.4959781533142,258.82978850488894,309.21326555111347,296.0314258107342,342.8031303330786,300.2170727474659,198.0234522444305,344.2942212437279,322.336308211189,321.2014514217957,310.47348797435484,335.57846088697454,280.0749166595862
GB,offwind,247.98879348254033,276.18492697542655,247.68366706766142,245.90141238951585,262.4662748985089,259.4469966918405,249.80411263785817,240.8439184677,249.613267609029,256.8224478686222,242.3611062719433,247.81433806801047,249.70303188446735,246.07244497652343,255.32181972313234,245.3478783408435
GB,onwind,125.8266019996094,126.9416358765213,129.53933996867883,132.3850396560185,130.62621334033875,132.0696252872869,126.01005574112965,136.75707111483413,129.7077464996797,134.72972434269437,132.80422956221216,127.95196092805874,134.54199347551668,134.90728506299138,147.79526127037326,140.99827451518172
GB,ror,0.0,0.0,0.0,0.0,0.0,0.0,0.0,0.0,0.0,0.0,0.0,0.0,0.0,0.0,0.0,0.0
GB,solar,362.5979218456721,376.1872006543575,341.08435973926976,343.7133307085054,358.0740765722172,358.5960608918638,369.42049337732567,336.7598260526516,363.8701882587878,361.01390958718747,356.3006139339798,368.09342711327054,347.6326136837564,347.87474526795654,342.21824880473446,336.20394253281626
GR,OCGT,106.88250197256869,108.1899861084405,233.35438468640882,164.70640297824508,110.82446035685601,110.24113713565359,183.55182492621668,214.36905014812632,110.5223318692943,105.694961230212,112.62112054272514,158.8875672711159,118.24858727363387,232.96300968896276,170.08236109893522,106.39833244586004
GR,offwind,416.97978308673504,433.1792785321664,411.6207907960301,405.9828772104664,437.24566996679465,437.7145283466701,430.48022899755443,379.280130366882,412.401170744223,420.33086591388474,413.4860859078899,431.67435895630217,419.04040166884886,395.4797109989397,406.1367944040855,398.90174132587754
GR,onwind,185.42348360151075,191.28365342151002,187.34270364075167,190.83419489756747,192.56237995877814,195.05154140397536,191.60341203425847,189.91094512813316,194.00244198459342,194.28772980758745,197.3134809430455,195.26696895220155,195.1848704785494,196.38492280053075,191.70198521558183,192.48399374658928
GR,ror,0.0,0.0,0.0,0.0,0.0,0.0,0.0,0.0,0.0,0.0,0.0,0.0,0.0,0.0,0.0,0.0
GR,solar,216.6783682680875,173.0845445401664,218.38465224115956,222.82927859754693,171.85479918886054,222.48777932455124,180.3783983479378,173.7238507341317,224.18575757015074,177.92342075920226,221.53783702665078,173.32868787273682,171.61133055182393,173.14194345459228,173.6339625531632,227.53446908475703
HR,OCGT,121.16518613887165,123.66459268684436,184.61325150608,158.34302723540767,159.7052927123995,199.33430118541912,121.98539140160192,168.93416776767927,129.9785188509767,133.94921510313023,158.0997964984086,135.9351672356508,143.86452774261943,172.51014325572837,147.11733263693895,117.41176978890938
HR,offwind,530.2287312785868,536.8764844999417,545.8850182062854,506.9958856488491,571.3227039871912,542.8298210202059,573.487931556502,555.2721807613458,556.5166720964486,563.5000775474059,555.5561860246102,558.2696133461972,583.3738889902671,577.5491576529556,547.5366133333908,514.6376991719198
HR,onwind,261.654857834653,275.57096438224244,269.6301065129725,258.5706145046272,275.1135086296575,279.8461851925349,294.44264500314864,282.7990917969893,289.54321429110865,286.3380377876351,276.4748028218948,275.5309843253926,287.85102872234614,292.86197936502833,279.0963036458153,279.65454920144975
HR,ror,0.0,0.0,0.0,0.0,0.0,0.0,0.0,0.0,0.0,0.0,0.0,0.0,0.0,0.0,0.0,0.0
HR,solar,234.62840466520242,250.29321092357625,238.68566768264034,247.1164103896182,246.11597379796538,248.45725174738988,249.263764298384,245.75815431080292,248.11343155960495,246.71100399355555,246.46885609769672,242.09866503350463,252.93175158724497,248.91418097582414,228.09833170790404,251.62979938975295
HU,OCGT,116.98807625305108,152.1507324141725,232.19189542612767,246.1213339723089,184.60484605757415,224.74489941036916,142.73613877090173,192.97942469757234,176.79591454297642,150.62933075867238,200.9513812117816,198.67275690081934,148.83270312361878,223.77742892084504,157.36316588379947,199.6728139451217
HU,onwind,339.14969508657487,348.31963802816813,349.88366326959965,330.13260426121656,343.9888782842789,390.29236994844166,361.8616124648304,365.88322723162,359.19685161380914,362.82719126360627,360.52968747896006,338.449358333246,357.1589709622274,355.69770169601446,354.87898536779716,330.9454999161461
HU,ror,0.0,0.0,0.0,0.0,0.0,0.0,0.0,0.0,0.0,0.0,0.0,0.0,0.0,0.0,0.0,0.0
HU,solar,242.6438240419999,272.86463620511813,244.25549087947707,261.24498079542155,257.97916790657615,255.58827995418434,258.3520267462528,259.4856203383311,257.89365250558086,261.8519881438626,250.939077420361,254.04820140393522,261.53368450906316,264.13618211799314,258.55467970012995,254.04893681283062
IE,OCGT,128.95714089732874,127.89593110997214,202.15907299280872,157.189991906261,144.93740325104497,197.1862701027197,109.97095748159961,190.7570218102831,115.39575311112306,128.61462914998108,134.42572961742593,141.02305301895433,125.99653769243986,206.58542570851367,126.5708201428068,151.72234208665012
IE,offwind,227.39916546820885,253.44558820101219,225.63496460122744,228.86090032695128,245.86210993062514,236.91834675666507,237.23571049282012,226.4327345596513,229.01449583365888,235.99028110378524,234.28665698223,234.83328478486047,234.80511203093323,242.84806652800683,243.6883675300449,239.72388135654052
IE,onwind,137.03062422715976,141.68278955569644,143.90272048528402,141.66208476628347,140.88428014774217,146.1835271831636,146.8361698010149,145.01024138657326,137.76579310692557,146.06991833793927,145.89395329165072,142.46502476470616,150.44210167363295,146.70915884127797,155.26287903023473,149.72661787910124
IE,ror,0.0,0.0,0.0,0.0,0.0,0.0,0.0,0.0,0.0,0.0,0.0,0.0,0.0,0.0,0.0,0.0
IE,solar,405.7658500014653,399.6357688191801,391.06183118461695,387.3696981462859,390.2207469647155,394.32978133296393,416.7674895814968,389.1220642741347,412.3999864140561,411.7382122621122,402.8756941119681,412.51190575910096,394.0993658718636,389.55180081599025,404.68417777142207,374.9607695101594
IT,OCGT,198.35979883587507,250.08844649233146,255.32049220781118,245.76873448282169,188.5426993399239,205.8128686695949,182.05651145198266,190.10402999253475,206.8048079534945,193.53138466993056,189.6111371632605,203.01321868276278,207.78218838021735,205.04996513776464,194.9897674839771,267.04673268682
IT,offwind,460.77759946646825,494.91536388140514,455.60597263312013,448.33694167523726,508.34304613991145,464.0371666896084,497.77331857919813,460.65533063065834,459.04040720454196,488.3149783230137,474.4289664523826,494.67051322074883,511.50370579781696,502.3032043774211,487.43389919291997,461.11615169055943
IT,onwind,196.2294593094398,189.83614213167036,202.3793315524478,190.47845912109455,204.81047228811906,203.5153980575731,209.337739130034,209.72828073290577,206.66990948231935,203.80292508341904,219.79740427946857,206.1119479565654,212.32218157857145,249.8515993292486,212.07491205451663,211.48148583504312
IT,ror,0.0,0.0,0.0,0.0,0.0,0.0,0.0,0.0,0.0,0.0,0.0,0.0,0.0,0.0,0.0,0.0
IT,solar,239.882051919627,240.1325547651356,187.56577746848313,187.8533201526155,187.84212175343038,188.06998396203284,186.75349157267203,189.54078353336254,188.5925677527995,186.7594379790228,189.7275055700891,188.09994901688015,190.19692192593578,189.0741132780611,190.63006011565918,190.37140367261938
LT,OCGT,138.92010018886822,111.96048190400542,129.0351321647009,174.10325506810346,117.74823657792489,172.7936592451425,104.85880790201381,151.81985424188224,146.63586671440612,129.74289647524367,156.942058909744,139.36601867388165,159.48629426864275,157.34958761090175,135.98649997670213,154.0487554617759
LT,offwind,290.45130157120843,316.75538636658723,302.51335601427314,315.81336858918223,314.5316366651013,300.11753897431197,300.886443941623,314.9576715036447,319.63933340470294,316.59904165522033,312.6381211284969,296.2913737606441,300.826829720314,305.4989958325509,325.5949078902147,305.46614538684923
LT,onwind,186.12329423858924,216.54761898031856,199.85441540523476,222.8709911872169,198.47757889794212,196.3431594696864,201.38900753091423,215.80000165717843,205.3119504210876,213.93774288123717,225.61716039003144,200.55348586106874,199.67470975870623,228.77483538224223,244.08422392537145,226.63424171578518
LT,ror,0.0,0.0,0.0,0.0,0.0,0.0,0.0,0.0,0.0,0.0,0.0,0.0,0.0,0.0,0.0,0.0
LT,solar,332.11392362383987,341.95772665003466,319.37905084333397,318.21893713298385,347.8386074365921,342.2444476589303,362.2335258648113,325.2481743376053,368.6610461657961,362.5845675510537,340.5390208411886,356.0532362656035,365.7976277045079,358.5149445432613,352.96930085688444,351.51968341438527
LU,OCGT,112.60574915488233,115.74281164243537,114.67442431248723,123.06973253498245,121.69779967037334,118.75152841943653,111.37670677375648,124.65428200585242,125.09505255087382,112.99986133317209,117.80567385227434,112.20537625836825,118.43355814105612,120.91301078164365,113.80092821003254,116.04527009198132
LU,onwind,225.95486283708507,209.08218951561037,223.03555014620102,226.50935545976543,235.55838961150133,224.04141091806224,227.67749718084815,236.1070781954896,237.0782365688833,241.09080952746143,238.08603916650642,212.33916250813715,227.85404772196387,237.3035018632962,279.33086655578603,225.25757827439747
LU,ror,0.0,0.0,0.0,0.0,0.0,0.0,0.0,0.0,0.0,0.0,0.0,0.0,0.0,0.0,0.0,0.0
LU,solar,329.23076774774546,322.1170114826479,305.5404450154713,310.2520399657279,321.28645372797234,331.6736313335617,332.12713653407684,304.1419412771745,330.950741658169,329.4250224867495,324.94733038323733,330.05375969166295,310.4111221170988,326.54901802173026,304.0839402915235,304.7367524855231
LV,OCGT,133.24840838030033,134.66547112337966,129.44651458757997,175.97453218123349,147.01271455626502,191.0401708440722,104.95052978396289,150.0993774316414,152.3596126897402,118.47329944583922,137.14572393463038,126.69177844720757,149.45895238217366,157.2559858075715,123.63895635340423,171.14020817100166
LV,offwind,321.03330785465806,329.61138379671837,311.5468325918882,333.2563494999542,326.02471446353337,304.9456600680186,317.33283661407773,333.69110469859515,329.0618925653872,339.5735956385858,325.6835268044039,310.3783868839825,308.99996177420655,319.9464416015219,343.65046320022776,316.11464534050896
LV,onwind,185.43272308105122,203.5859678590447,194.6847986596612,198.63925479423546,190.09299166136128,194.9318017045316,197.0619222719977,207.16091471326945,202.406800142756,203.9463232610077,194.87611491958296,197.7451539970706,198.28326714913217,197.74211781492266,211.44139014820917,199.99120615451645
LV,ror,0.0,0.0,0.0,0.0,0.0,0.0,0.0,0.0,0.0,0.0,0.0,0.0,0.0,0.0,0.0,0.0
LV,solar,348.4760678578153,348.2952360559764,335.18169191550066,325.0850954535771,358.48826080384396,361.5854160587095,377.25004878408913,340.1572078606299,379.47990137374035,382.0212866353567,349.41339380727663,372.4678215132195,390.05681428474986,370.3281190880792,357.2773390691782,361.3538324207363
NL,OCGT,187.35311926624382,200.67124448836609,255.03397738619816,231.32678544492111,209.9767826421585,202.64301802849087,221.24379938727355,195.05685279757805,201.38563934562495,191.96002315115913,198.93360225246178,207.16531582087063,205.93026353207466,214.73199653143612,237.38180753988178,199.10836081905077
NL,offwind,263.3443279258772,286.17381072881386,258.42177949769075,259.716834434765,277.77859561273203,256.9188814060265,258.6662717432046,265.5822074250697,272.4230820314624,278.42493481533154,269.01604930243474,258.7705962909478,273.3138077849932,268.4529311488836,289.4987197069916,267.02081354648334
NL,onwind,201.3681521820495,211.8628192074625,188.3299776433987,200.56987933865412,213.24610250326776,200.3755240282557,195.656702618594,219.5078947296401,205.41458130859246,211.20249651827993,215.17240847108394,199.7790597441241,209.7077681594136,215.06049671854421,240.2476178579156,211.94990356099626
NL,ror,0.0,0.0,0.0,0.0,0.0,0.0,0.0,0.0,0.0,0.0,0.0,0.0,0.0,0.0,0.0,0.0
NL,solar,358.2456234283155,352.6267889067334,337.96077918954353,337.5133890522841,343.6110123833867,356.29589697134634,367.75513984246777,341.54752393014655,355.8717318283134,360.98322278450723,355.98176126109104,376.8588900037253,350.2317534869299,358.04598510581144,341.5331198657614,337.2520307751741
NO,OCGT,201.50811274681706,120.4826616876506,312.03952779541845,226.00602488162448,124.67644007426304,251.08827834006937,173.54440229740732,219.42274960322592,150.18620978372303,130.31074837621023,241.133308713212,231.9914741485697,211.27340286284985,255.3857833965375,168.47682482223965,231.43946357861452
NO,offwind,292.89237146134724,310.1566234680328,282.91846006470803,278.11543353533625,292.29934303565454,293.10112982488954,292.5803561864155,280.5520044711647,286.9014738933693,294.31442335566254,277.4617850665058,295.82770254822054,286.2348008474073,273.588488833115,284.81310715300543,278.02893587039574
NO,onwind,120.09179955173542,123.76848740953764,121.56131582176891,128.78597394913902,121.11215588166435,123.53827050830121,123.6767922202332,124.6720752807324,124.7983007044485,129.53724689466588,124.3515567827785,126.25413046758314,126.45781881563991,125.74078909016777,135.9574125189002,132.28041115823075
NO,ror,0.0,0.0,0.0,0.0,0.0,0.0,0.0,0.0,0.0,0.0,0.0,0.0,0.0,0.0,0.0,0.0
NO,solar,338.3192572121206,334.0650154948706,321.2683358119272,315.34949368327733,334.37353102245544,330.42913809005887,343.00985449760583,337.39121862026565,341.6471379496902,365.4261425102632,358.51056110096084,353.6776574246215,371.36729034005964,367.3433844286686,371.058869569869,356.1263825061174
PL,OCGT,193.08327793407975,140.87999025387728,287.3896239141513,197.58240365675687,149.1831538283418,216.81378363865875,165.6365648927823,193.73233471533257,165.70608120410836,159.9279025943021,215.04834566261886,210.03833243563156,191.0773715392411,227.29195741913364,180.2991319851983,195.46313425275557
PL,offwind,279.9008703993962,300.88116726069364,290.3597059908493,301.8312224702243,302.4996671614271,282.6645400072728,292.6655475467278,301.01700412748187,302.9288407415575,302.4926688725276,301.74579722879656,286.75045078145337,291.4936467634545,289.8221540203596,315.17737771976954,296.55391945267013
PL,onwind,231.66715873487854,204.9196447198699,211.03165692506406,238.74912108051657,216.1581841810068,224.54066100835627,217.9832006068459,243.84307673160282,213.0923881827544,220.2676428423333,242.22565547318092,217.6100437332289,247.58261081281296,254.66286591556036,261.2222394950414,213.53565150004755
PL,ror,0.0,0.0,0.0,0.0,0.0,0.0,0.0,0.0,0.0,0.0,0.0,0.0,0.0,0.0,0.0,0.0
PL,solar,315.23128897876006,323.84198930495324,294.9696997255762,302.78513360589926,317.0608888162501,312.4889912467686,339.6428437080889,313.2249679856532,334.45680481139556,341.92594959888476,317.2123630014087,332.3109218151123,329.5420488641591,317.444336047293,335.36725351045123,310.1282499749075
PT,OCGT,133.81740325111724,134.60848564888462,257.2007338975217,162.79586992553305,145.8044404137205,130.59387338106671,135.09793244366628,125.43296833835652,129.148102689478,128.2728883217783,157.027075818485,133.53653839486262,131.0937826527694,144.12746184974827,123.79562068807203,146.02402633653355
PT,offwind,267.35121359507633,300.7144812747522,275.93085895646993,274.83387926855715,281.9181385190939,283.568613050486,265.93530802810625,272.62180701850576,288.0406762327891,281.56388401986777,281.4271730022713,274.93002718558506,278.6599519070234,276.8941864985271,274.7953486167606,271.023539430715
PT,onwind,200.7082763603892,209.03434672512964,212.23525525015987,207.29087041759678,208.7277258158452,210.31530858229263,213.10953483665946,212.29141831108748,206.61320034745174,208.47804118639905,220.5806833390354,215.37832993816903,218.31854620926546,215.53417993811303,216.9540668829735,224.35110833295562
PT,ror,0.0,0.0,0.0,0.0,0.0,0.0,0.0,0.0,0.0,0.0,0.0,0.0,0.0,0.0,0.0,0.0
PT,solar,189.71674544013734,189.63378139175924,188.09783787668886,187.87927667838707,188.3520841789749,189.40513101587183,187.9573944603411,190.38127227393127,188.93781733059714,188.31766444446765,187.92442704694773,186.96275646032305,190.95006324544565,187.56049554681982,192.36762606120251,188.31097441323635
RO,OCGT,140.652110892093,158.96372398481648,204.90149735257717,195.36497235560302,168.57215445586445,203.18557618550074,144.97039475082437,202.27210041933975,130.5999127745846,168.52498311528382,173.69523335392054,184.54091312440997,159.1106118598902,215.85588662501658,159.87306791216736,143.05898327357954
RO,offwind,370.5782501702673,428.68281719645483,357.99365607051857,370.15812041020286,402.729813231967,399.8810377509481,406.6458444920616,358.372527113243,367.34417969387135,374.170630045252,396.10524228199324,380.8576344094846,403.9406526502653,382.1197214124379,376.41609240393586,392.7590980616354
RO,onwind,278.15427292852047,289.84340190685305,277.68496667370334,278.4568469045978,272.82205320453136,294.7021815898076,304.1114476449314,296.7484676899973,282.92142684833027,289.4163461314136,304.68485796456025,281.34306504491843,297.49131839756996,290.93257649184403,287.0219606077582,298.5125826354299
RO,ror,0.0,0.0,0.0,0.0,0.0,0.0,0.0,0.0,0.0,0.0,0.0,0.0,0.0,0.0,0.0,0.0
RO,solar,188.38305147121392,188.5745964269845,185.90124390348927,191.01145906510303,190.34210425330147,190.07706394496532,188.43431172553264,192.33070273189867,208.92723475153971,194.48883971793916,190.94274335583694,193.31246413780696,190.0197955007344,194.4822805459434,194.0530839030686,195.50529117637635
RS,OCGT,132.53949705294883,155.33431187609125,183.46893057415195,167.25540060482206,151.44326933103713,185.74087926662742,142.83383212087128,193.31382370543483,139.25414688411945,152.88683143853228,167.84599480441403,149.39673104587052,149.13518479659749,210.83989156102254,158.40778197999302,130.13242621794916
RS,onwind,261.3042947508901,294.8320441783137,275.37138635862243,263.81710847886126,271.2205820180467,289.13226957409046,297.4504470114923,286.76313759661656,278.9551455668444,281.0543271700968,288.6801834399012,272.20366327519946,290.5998520340207,291.69864258215017,278.7633653711845,279.94578126618217
RS,ror,0.0,0.0,0.0,0.0,0.0,0.0,0.0,0.0,0.0,0.0,0.0,0.0,0.0,0.0,0.0,0.0
RS,solar,188.18659877717485,245.89547461945938,197.62234012242868,193.4889723249307,192.66181261611743,190.6542458925288,246.7142216715786,193.44854599660837,194.35632822713978,195.30231482688455,192.65235142009993,236.09815963123685,191.03206023024094,193.79721937239523,194.8169448385636,241.9201804273513
SE,OCGT,200.74088544603356,117.39861294506082,296.096900619262,218.48055184807967,123.11012392148744,237.1982340178085,167.59198865218522,209.88162956007682,144.82931628565356,142.9090060959502,233.9242001896853,226.0399146933064,198.48074206828213,244.8616001475247,164.04608365256053,216.30976319125872
SE,offwind,350.04410395017635,418.68504027591325,341.9897089518908,344.52605781051193,392.96751433609364,344.2092837983933,344.27049109880556,344.8825157610478,340.718751841321,369.9644854441305,337.095611419029,337.6616112213593,335.35753799244674,331.9779087418901,357.5580984330725,325.62500296360474
SE,onwind,199.94241126596776,225.83503833729523,210.28156159577983,205.97998805175442,207.75948722320604,212.37916270170894,213.12457245361512,203.65811973831987,216.86109138400158,228.44809089025932,209.393274680475,209.76487423888744,203.4976389830767,199.44083614835455,217.75982257543183,206.721328400242
SE,ror,0.0,0.0,0.0,0.0,0.0,0.0,0.0,0.0,0.0,0.0,0.0,0.0,0.0,0.0,0.0,0.0
SE,solar,344.85132657306957,342.5562530766231,335.47027465883843,329.34077274876125,349.4446250853004,348.1480267748623,359.2947146680595,340.00069444606163,363.9147630344513,363.90913124174364,357.7535713351173,363.43395835588285,360.930640509943,366.29013908845667,366.6944012803295,350.59509929343295
SI,OCGT,107.24986135294446,131.29757193761372,168.68364605724904,151.54769570561342,161.32557806301986,181.70733883499884,134.51996422960386,163.64898721580684,141.7801283755142,133.68987276296352,155.97086088587386,142.3487968999711,145.31508797169425,169.2575842957729,143.61418946259758,137.21140002378203
SI,offwind,788.2517063098938,763.6823788042657,762.6404989489158,619.9764579019743,800.3122847625413,732.9310402719011,858.088490818565,798.4984685199236,831.0469450389865,970.0344922154655,741.4608901132964,848.6830008352536,831.6378873457645,840.4939842898833,768.2676287882349,542.9747453543563
SI,onwind,263.31135476760727,281.1536831109677,273.48860820356145,252.02430600551634,277.4396978232859,278.822124116412,289.6662706399917,277.0885093253305,291.9606663001122,293.5507638405451,269.2244620467792,273.51842823260864,293.2971851689261,278.20362360881967,286.8188135476822,270.309217626186
SI,ror,0.0,0.0,0.0,0.0,0.0,0.0,0.0,0.0,0.0,0.0,0.0,0.0,0.0,0.0,0.0,0.0
SI,solar,244.30438361580437,253.57756143866834,243.81869333244887,250.9688079664914,255.70334038337612,256.8108454683486,249.49158822554188,249.3350332146499,254.0386036033723,252.75027350492368,252.9686589094794,248.0229943794,256.717313403962,253.39311847886128,256.28503643381515,251.33849547625277
SK,OCGT,183.07503103653588,141.44317866955922,231.17597456701532,193.29371248293975,145.00931083315257,222.3141302311266,157.50168539991543,188.13713576597755,159.37592000965415,159.9204482106203,212.31112282779227,196.6649414892257,178.27135572747792,228.31180627381144,155.6057199947889,199.47998094611668
SK,onwind,258.74057611977844,219.8316952873119,232.2718673962657,241.03183163682047,244.42771055002237,257.39697381585466,269.1754331265268,260.65230004550324,232.4256411317025,259.1909838281182,269.97735152425764,247.90876720622398,262.78674762489146,269.6204128037157,266.7316645040771,252.09624645539841
SK,ror,0.0,0.0,0.0,0.0,0.0,0.0,0.0,0.0,0.0,0.0,0.0,0.0,0.0,0.0,0.0,0.0
SK,solar,246.524261946723,254.45524895064543,239.2077849817472,249.80341733036593,255.8956172004255,256.5869211873604,255.3078458920517,250.29535248898188,258.42482236274316,252.05500054616851,255.01345616751678,253.60645883214974,263.57485537447036,263.9241282268639,210.57362095767513,259.1550931783155
