bus,carrier,1970-1976,1976-1982,1982-1988,1988-1994,1994-2000,2000-2006,2006-2012,2012-2018,2018-2024,2024-2030,2030-2038,2038-2044,2044-2050,2050-2056,2056-2062,2062-2070,2070-2076,2076-2082,2082-2088,2088-2094,2094-2101
AT,OCGT,224.4519516646965,228.40408940598385,236.46396794195908,161.19241309831003,250.07345209796,229.4398690319412,206.91806064380546,168.6586489497395,147.54102729245983,170.5371273502807,188.4423553253825,220.82992820966578,152.79729459898397,237.27443425958808,152.65923716526314,161.5026993564218,185.4372682129184,234.51307531648902,234.48117709104972,194.7040483965311,231.73664646202602
AT,onwind,159.04402433309164,155.6674379588966,160.05150003602986,174.8631980406183,159.0515128892013,163.66122146665666,159.9924483196763,153.76138274151856,162.3021012378401,160.1369535051907,157.8123787788571,157.77567153340232,152.43186968277243,160.51041315421307,155.45137750174413,161.6782496006632,163.8771340175053,166.76118123940017,156.34821627903577,162.01137284188417,159.5579539689182
AT,ror,0.0,0.0,0.0,0.0,0.0,0.0,0.0,0.0,0.0,0.0,0.0,0.0,0.0,0.0,0.0,0.0,0.0,0.0,0.0,0.0,0.0
AT,solar,248.6697173483598,255.58954104872888,248.98516996431317,250.75141002345862,259.42887382770596,250.53133447326837,254.751879575407,253.12658552582778,243.35673386634963,258.4710608205896,258.11662842981474,256.56346991988624,264.7350197557418,257.99414106004036,265.6876139842325,261.58342780161183,259.6328582135485,264.07209361023564,264.4697232763651,260.4660866883615,268.97714802761294
BA,OCGT,204.63192895550495,201.1352650612075,222.6913121514821,152.69334648459244,192.95126751209088,129.88462459819593,115.3122109321102,157.98514645192682,169.30627376188824,155.47472515524342,110.17835860427165,179.59177625374133,138.573222974157,176.26433544107087,156.11360182667426,139.6311015663619,123.18428034909746,219.91238873077936,230.9561649502473,154.8851534614486,179.34653564395813
BA,offwind,575.8166944345829,591.0152735998848,546.8137775935857,649.3543177171141,519.8004182509532,563.730424823181,575.6505928872926,587.4572925093019,591.8472718671801,593.5003157981375,543.1998788914736,496.9985465034474,603.4125074375794,580.5397984906067,550.6585522498027,563.0882447591906,551.4203252985387,600.4794112896644,566.9774450005336,560.4778410275641,593.3649155901392
BA,onwind,172.3987073233857,176.73482008360295,176.92819687683817,193.33499253513446,174.4146509101045,177.5133124809768,172.36569005451665,171.0367505761997,165.54615533796982,176.5901289627653,179.96121812995307,181.0115690320136,176.4173237077294,170.95164857554326,170.7204913354774,179.99228795309793,175.9228559176566,178.74244816101375,172.96655745594595,181.040640030753,181.44431541255062
BA,ror,0.0,0.0,0.0,0.0,0.0,0.0,0.0,0.0,0.0,0.0,0.0,0.0,0.0,0.0,0.0,0.0,0.0,0.0,0.0,0.0,0.0
BA,solar,251.80813952905322,256.2538088754903,255.09444949115706,258.7650377913134,260.81916490593727,259.77964100069664,270.61363965275274,258.3930403565423,242.85709746578306,258.98015700560586,259.3710802384724,263.09749143188196,260.14352668159813,253.85308704087356,263.148045464444,262.91250271910707,253.40419590304484,254.6070592277978,253.02151113833935,257.57410209221433,262.23593227997577
BE,OCGT,180.39415418098764,220.80023829703293,225.45817774449912,189.613151969951,217.70761783719365,221.61977657869403,191.0776503465482,211.52048629357145,202.27142796847693,187.58951305354296,196.61297322155687,202.74944942093532,183.77217934080986,202.56557832890164,225.9171771703915,243.7816414200869,202.38138531139927,205.08601088754583,190.46976269666297,216.34038673128808,197.0075428012908
BE,offwind,296.12661314474013,304.64684674722486,303.7510126247959,312.5424358453471,297.9853653286155,289.970069340632,313.9084898006034,313.7567521317196,294.93755891321547,289.723829594676,290.2542525594524,278.32530859623824,286.81933335794633,290.79858957249184,289.30804732514576,277.4929807298899,288.8199838406759,306.55452097276674,283.2560658967739,287.7356928053667,292.19580386403095
BE,onwind,185.58878571789617,189.32427249940895,197.0700727376348,231.91566734349132,202.25395307449833,191.55423311076046,239.99895063716465,197.86906690347047,216.38807626551065,198.47223062673976,209.7140265259744,194.96736392292547,183.1678655086033,226.40296256157228,204.84139515675713,190.4689266884459,229.79701631677239,239.59094196199703,187.2960873773131,212.50469302786777,190.32819880812997
BE,ror,0.0,0.0,0.0,0.0,0.0,0.0,0.0,0.0,0.0,0.0,0.0,0.0,0.0,0.0,0.0,0.0,0.0,0.0,0.0,0.0,0.0
BE,solar,327.3267944407205,341.5991430939001,318.93850296015944,335.126422965334,331.9619959788032,317.3904404531527,325.6116688202446,330.13592122664994,330.30076218265526,336.396364611976,332.24316226112757,334.4865357450884,350.06535870958567,329.6477006182215,353.93324540862096,340.79562425520277,333.2787147686334,348.2163241521923,340.50987918289525,340.76873603302994,353.330480194762
BG,OCGT,161.0717598455935,193.727877088481,212.27767175880123,109.85030486941936,199.66257917246642,232.97429639034507,184.49370453491616,154.4874145686779,173.24388155751438,147.11300985617103,112.77213373530756,214.90695960771896,132.57583369250352,162.9450920612028,168.4042379694127,121.1479811257091,100.6582787246449,242.77133723250947,249.05694982405322,109.06481833771086,186.309033511721
BG,offwind,428.1063761969302,414.9918947276828,388.6260288224982,400.1480515003158,395.33356180202026,397.415233043782,378.8639540272051,410.7572557626083,381.3320799596739,386.4075859731732,385.54947007034474,386.7324763892613,384.6598088058682,374.86596493610773,399.84575469602584,398.1550393200005,372.0441529422913,387.25088169592664,374.9381123027541,395.1537973897714,422.2708475355244
BG,onwind,286.571591989629,236.36943696791357,259.5982437271095,278.8077376932203,278.366601978758,244.39989971517633,266.5123380597643,224.02296468541337,236.16408028332168,275.60827177003387,273.18635630429617,283.7721496370091,272.39606720463604,264.169873211175,275.79009643323127,289.57631875317156,256.0773432386625,277.17204168232223,261.7744775815372,284.80804028142796,304.19861916687466
BG,ror,0.0,0.0,0.0,0.0,0.0,0.0,0.0,0.0,0.0,0.0,0.0,0.0,0.0,0.0,0.0,0.0,0.0,0.0,0.0,0.0,0.0
BG,solar,179.7969524845971,181.60373852464195,180.34642394693415,180.28764291779058,179.8799576434341,183.40108598361113,185.22051863698002,183.28988582943236,181.76597172361346,184.30569051887656,183.10329765885464,182.9707809535456,183.60962369521977,184.90022599900004,182.80240017076548,238.19751977167718,183.36991842158469,186.79121044681187,186.1036775283797,237.67009296668257,187.02218105209622
CH,OCGT,227.6215524375533,262.06234368470837,282.6823196357896,213.89207539149405,254.47128251046112,245.2615265830402,206.42976993176197,265.5746913880654,106.28862115464159,172.29631589695907,107.71810815922339,233.3689250809212,106.2741925213959,245.83648588550932,165.76613143534894,288.5509737044496,100.69493045735855,162.08891149542433,224.90929002712332,224.20698474868465,234.39073647781518
CH,onwind,145.68151203348805,149.9370515307537,153.582136130336,161.00678699490194,155.1612646507314,155.9989271541222,158.3612145024663,148.0134861153727,152.6742452421764,156.8038880006917,150.3671976522412,156.29818992145124,144.36330828686204,157.638222170054,153.56611705309672,152.14292698213947,162.3987783904672,167.61057371336975,157.328032537096,157.10377063145836,153.22202856991612
CH,ror,0.0,0.0,0.0,0.0,0.0,0.0,0.0,0.0,0.0,0.0,0.0,0.0,0.0,0.0,0.0,0.0,0.0,0.0,0.0,0.0,0.0
CH,solar,184.63165048926933,184.3254169949548,181.26911855191932,183.64964847673664,181.60388866501506,184.47870193726024,182.0045383125711,185.59708501250267,184.06566550982106,187.3199484990911,188.47264640258382,191.28592446016472,193.67771488788557,189.6464025026811,192.88609653907474,195.02615705170746,194.36383839158046,196.7578078190154,247.7057930664668,199.45737760720024,201.05286503298686
CZ,OCGT,214.41451344412621,219.31302611355247,228.706810685551,155.54889501039034,239.73880426404352,225.384725251397,198.9894624773752,163.46986472582768,142.13640824315257,166.26520525139324,184.82514608723218,212.9503676689836,148.95102316163485,220.8753003759727,149.35463470282096,160.100741958549,181.937151934232,226.5027174894395,225.98400507900598,191.64353919205362,225.73358840102316
CZ,onwind,267.29816006336273,258.25461361772784,251.7133944037982,278.17565017342724,262.5905218509866,264.3802775052923,261.8241124431447,251.23829108918162,259.8396255374625,258.489301260823,252.4724721814593,246.3617605289192,252.0493172251346,254.2817248166363,256.7512963995687,255.5728388082627,258.57624585611444,263.7191072261525,246.69157896297813,247.34180068385368,266.36204090843125
CZ,ror,0.0,0.0,0.0,0.0,0.0,0.0,0.0,0.0,0.0,0.0,0.0,0.0,0.0,0.0,0.0,0.0,0.0,0.0,0.0,0.0,0.0
CZ,solar,266.0124292015749,277.8520641664563,271.08162787239627,267.0218732176256,280.27606483619934,271.0071855147028,274.6490580674985,271.3000426814325,264.76248910651526,282.1719543229179,282.0651749068169,277.76666816008037,289.5269201188477,283.5641503706374,291.7587229414339,283.86526193382286,286.485008672229,287.0979582532811,291.2847163614092,282.78492063339615,297.6724686561779
DE,OCGT,192.7496886051719,223.82194144497566,242.14494982376644,235.0663381893171,224.96335425424004,234.58169682184212,215.34017622882408,225.85347378913983,227.35788801463582,200.55644664284344,238.35277062126966,201.3332163691468,230.49804125938462,205.8842298901032,232.9169429152801,253.81425690142086,202.44035317439187,209.7866987026077,194.27353995914305,213.26414586095228,219.1983427622358
DE,offwind,283.9402993233174,287.8811401379444,282.2565069891571,303.68596018727027,292.2289227607605,286.0317195265039,296.7865424520736,282.77037866233155,269.07044845159345,273.88931179314335,282.8898532101716,260.69478359219175,272.94260078079697,276.11368443185904,267.7524584661627,276.6489188019234,273.49336757594284,289.5042054257107,281.214738705771,280.35768533570524,278.2848733071418
DE,onwind,236.94641426684888,243.76973935471105,237.11234666698795,259.08353301558856,243.40898928139242,247.82658366637924,250.84343055535143,211.4709828229773,243.5672428227449,242.07162487932763,240.35482539904802,225.00537606315234,231.29702166970583,238.53100665390687,237.32786775731446,245.30115510613996,242.35397018653276,258.073140831,243.7688464176696,240.79569295896678,239.0888686807748
DE,ror,0.0,0.0,0.0,0.0,0.0,0.0,0.0,0.0,0.0,0.0,0.0,0.0,0.0,0.0,0.0,0.0,0.0,0.0,0.0,0.0,0.0
DE,solar,300.59739209168987,320.0604098057656,295.94237666626105,307.5753350173076,303.85091252880545,302.2621079825938,302.5367799921603,307.74908365531763,308.6682632264363,310.86716224860635,314.459984806058,306.43571809614264,329.40053797345,309.82306194125925,326.44533916393243,316.65420166560034,312.2644232224906,322.61916651376913,325.7419236158507,319.6505596772191,332.2602983756458
DK,OCGT,212.64520774035097,167.07347259419194,260.1374000860498,144.64306170897495,257.56411492872405,243.76383989256752,169.1585786297533,182.37892528567457,127.65838368619524,181.53003581005015,146.21966349491407,208.51070438109588,106.15753374285096,161.92693093939283,110.45897758269304,249.09180509552314,130.9765967882198,215.78439456274808,180.89297762481826,176.156273019822,210.2031712691656
DK,offwind,313.2483630936647,318.5354415793646,307.4501883563822,337.9375211412864,310.9055650064999,319.1526231931406,322.64397222496626,318.73616029190947,315.5543857886892,308.6156127195787,308.57063049488914,282.42896186300993,313.1919077775837,303.81414408978077,305.84103160800333,311.4740412876865,305.58118111854407,312.6837880919213,307.0056961787519,304.53110236902984,302.57117059016974
DK,onwind,163.40268069931125,180.98543909076145,175.42178358170008,188.41084447039935,183.9687100128224,184.04469264549118,181.85911455943076,175.5923075183746,169.3224418925538,167.17694928504417,173.23013075668942,168.05481729635798,171.57114775890895,175.84897581409655,162.70260166049337,171.51118751319004,169.94002134258463,189.42573197540548,180.19381617891207,180.81530748275406,160.80259155169347
DK,ror,0.0,0.0,0.0,0.0,0.0,0.0,0.0,0.0,0.0,0.0,0.0,0.0,0.0,0.0,0.0,0.0,0.0,0.0,0.0,0.0,0.0
DK,solar,342.1519053536512,339.2865135145652,337.29019402198236,346.306507309493,340.89471530886885,324.21524880866025,340.19929862902745,348.7622927731331,342.34448572538577,344.60259680319507,341.53805864892234,343.5389290308812,355.431663693336,352.365427283467,373.92910846154393,359.6457731717125,350.91171503947515,353.88827982215935,359.81258433591296,356.7254344437988,373.34175177521433
EE,OCGT,155.52506781804203,113.79128271768947,173.3290113515427,125.36516430364037,156.53719702030182,143.13936843089718,135.58849785077982,151.18694438951692,114.26280760034672,127.39437282702181,117.12123180731103,143.74185453840337,104.56952151543611,154.57432158448475,141.40486894838207,157.65936577977274,112.42841162828371,137.23873965973564,152.02194072115174,138.95322468551504,120.95669986379774
EE,offwind,381.95808850035974,383.557845481407,348.9329625134559,407.45113169660414,375.2388694667619,358.1845331692607,368.9855114682751,371.9405919014851,339.41252717337574,350.2599658459136,361.8661652038669,341.62773986227825,359.71148009360024,342.8243199516711,334.33550500642235,332.4349709821629,336.6140054767931,355.02242918292825,330.53674380275436,336.1913635331349,350.1414888939902
EE,onwind,197.6853094609111,201.19092891899248,203.428872526695,211.51063433842774,203.58929339287684,204.615342292222,211.41109593471768,197.10373993317017,191.77050221916892,198.766897404529,208.99237962241838,197.6135677026736,204.23679636785965,196.3329035996793,194.53022031850367,198.27728349591573,199.05765082101382,211.06366697561114,193.21734426026836,204.3080696950579,203.72928934509926
EE,ror,0.0,0.0,0.0,0.0,0.0,0.0,0.0,0.0,0.0,0.0,0.0,0.0,0.0,0.0,0.0,0.0,0.0,0.0,0.0,0.0,0.0
EE,solar,343.408252603456,346.9479576278779,318.9743328565769,330.1420663270482,327.19574105208403,314.3136806681299,338.7977614085398,339.8768990812138,340.723959718271,348.36491283872795,341.4266994728856,346.40286027414413,344.64754304024945,345.26781019845276,374.7627846943976,369.60154357061884,366.446477950052,374.98841210544236,377.41691927862587,350.9992796102774,383.881181926529
ES,OCGT,263.35004242284816,261.40816154205464,226.31226356509217,171.7956592822473,277.1175642397758,222.26954691058688,141.36161192435017,236.42074027311332,245.00647393521263,231.38801156368973,173.96496650026577,235.4332014619751,137.87732560087204,272.5453488383318,203.6225184438173,364.370480565819,136.0036687249188,138.6841355902028,321.4998083906907,178.69121471687603,255.606067977296
ES,offwind,311.2392688881851,312.4498267247326,314.6308878244044,330.5547090212114,306.5026784701956,313.9108260390031,318.56382088914506,323.5519296674613,298.0776289257641,311.7603521930696,312.3147524377105,295.04903025547543,310.7530214763445,309.1694690585251,316.28605677455073,317.9263079936337,307.19920654574145,314.74663574041193,305.5401495507724,313.8260504137408,323.28287259417567
ES,onwind,170.0846887911914,171.13273704301508,177.96591888587773,179.28008299358152,173.48407042682922,177.12378069567754,173.60742167635487,166.77792026245106,180.4824981609055,174.94746497283566,179.15803724105157,188.06619359725877,178.53965802109263,175.9178479009508,178.7739970491647,179.58706718317822,184.20091026869366,185.46466265942612,186.6241456210125,187.70133436927304,183.13129289251435
ES,ror,0.0,0.0,0.0,0.0,0.0,0.0,0.0,0.0,0.0,0.0,0.0,0.0,0.0,0.0,0.0,0.0,0.0,0.0,0.0,0.0,0.0
ES,solar,186.2696388196446,186.27374448470295,186.3005699429254,187.93630325156158,187.06610018401693,189.1164611766494,187.84156781511018,186.8138115697333,185.4613730891383,187.80495114316676,189.22196525207144,187.03010805654085,185.93232412281378,187.084810865062,185.41483258916384,187.24398174507377,188.40571409731493,187.0181498088201,186.50247882305268,186.03272527653232,185.87460002429205
FI,OCGT,198.02908826020442,189.62188243932886,251.4033502856407,147.9414626411405,232.19034135928538,224.07471735987852,150.03111833192702,160.33478438954913,150.4165444676459,176.43903129473165,154.7066900536681,198.42361021791822,124.8184204480252,165.2467941039973,150.01601892743778,246.10334816575732,154.56693621641293,197.24506694165908,157.19448898156833,170.05127174327882,167.07223693017082
FI,offwind,395.10805737276524,399.22853552834016,362.6889025666117,436.49506777821995,392.0647051804779,369.7699382650192,389.85206712300266,385.81472180062207,363.1391704708527,360.7112995199569,375.1893271070221,353.13235857274054,388.7329443936464,360.2307542427369,356.7790803373583,351.46526180084356,346.15759237523605,360.03408635902775,342.0624850184974,356.22541553366415,363.8477480816833
FI,onwind,210.420159211244,196.8497841038155,213.9293565131073,216.08501053077978,216.14630296195688,218.72116817770458,226.66404272771067,204.1908755752297,208.150570204359,199.65493760652885,210.97663274437696,216.02297639661268,220.2403276507863,197.48855476847137,203.63440244327418,210.38818028892533,208.66909276755976,220.17010517418248,203.61798042280387,244.6525681520516,205.86856868905446
FI,ror,0.0,0.0,0.0,0.0,0.0,0.0,0.0,0.0,0.0,0.0,0.0,0.0,0.0,0.0,0.0,0.0,0.0,0.0,0.0,0.0,0.0
FI,solar,363.5556138581268,359.7769468538174,349.23926899010854,362.97591154222295,344.8805755904311,338.84089273649255,361.4487857087909,358.2336729360045,365.7027112016648,363.21117605282996,357.54224642456364,357.4638327192603,362.3831435842606,370.7629754371476,393.4918566739608,394.89141122005793,388.4339164641982,406.9601417193204,407.56656766342826,382.83259253212924,404.9503087147765
FR,OCGT,327.21125958093126,294.25479896974593,337.45125505248814,325.29615188065634,321.390527298059,385.7233618382763,296.4580374501583,341.07819668822657,327.9700473179494,330.9677904342558,319.08424190762463,324.2632487355986,299.21705441581196,268.8448653602178,370.67598803636815,401.37633714144135,326.8780825077461,330.9434787089225,350.413850633819,318.1638397383128,310.30824497622524
FR,offwind,275.94645738558137,277.8000923253305,299.04410073354427,304.9734453313326,290.9130794440741,301.19388185114116,289.31537825075776,297.06344989633766,279.21503991213393,300.35095349805704,300.7805175232319,277.5668229406659,281.6599320084059,291.63939852659246,315.8806921158139,300.2021794381734,291.8490253298532,301.7278494766631,290.946464310888,299.2728797295882,306.1646224545106
FR,onwind,173.1771342684552,178.26397420625068,182.86549929268645,185.27358587163954,182.99904653093455,181.56769762393407,185.9845452094253,174.87157021146356,178.3532333139167,177.5590685586274,179.24506793664415,183.6649746933167,174.22113190356208,181.77945651827332,182.35653308567123,180.92999534843295,194.2003644157218,201.37436806773567,182.13189331520357,185.00472080023152,176.0806225456111
FR,ror,0.0,0.0,0.0,0.0,0.0,0.0,0.0,0.0,0.0,0.0,0.0,0.0,0.0,0.0,0.0,0.0,0.0,0.0,0.0,0.0,0.0
FR,solar,290.18467986961883,331.01665210999937,296.5499356731577,298.1684965815375,289.13800796087327,302.97717937789207,293.92950489367075,302.1963427050599,292.0000307685085,301.6877268137292,308.72028042864866,287.8652028619971,320.9751520385053,291.8235390815096,304.4309302701414,300.93540903602326,291.79911121340035,304.05061659587636,291.3713533165893,286.96458167630885,304.75367810501854
GB,OCGT,288.8478442629112,279.5933158891447,323.85585485682014,209.49366620020842,283.1654612697856,393.1898195820858,239.1927422872427,317.7358460798826,238.45488029657452,351.293302098449,264.68882319954815,331.0212569785713,225.95112962733745,281.5185366972904,185.39931697911925,320.5302238768146,236.5181586755915,302.84271258394705,353.70401099808095,325.00724863488796,271.5452675302299
GB,offwind,260.3965836347385,274.6586128727505,265.82845655616,271.9097416066435,273.2940041572739,284.6329258625571,266.4049785713111,275.99803742000785,251.39439617370425,274.9228619220066,280.8159310945134,253.4475142823553,272.4167251442879,276.9511636734867,286.5333140149576,280.94346945015394,268.79968194362823,272.86395777772606,267.4330622815495,280.75365154456637,291.9112549044053
GB,onwind,147.98558006745026,145.6501790558705,145.73662123076713,146.20103477594927,153.7552264620776,148.24437007786747,154.7171241046137,145.20859746229536,147.12309800841314,145.5659774306637,148.37503643824604,150.56301606737773,142.9947753645864,147.86161110720792,145.25083710122462,147.52473978433332,150.92331451093582,154.34354386327018,149.26948555095169,151.07215900195789,146.82420163534005
GB,ror,0.0,0.0,0.0,0.0,0.0,0.0,0.0,0.0,0.0,0.0,0.0,0.0,0.0,0.0,0.0,0.0,0.0,0.0,0.0,0.0,0.0
GB,solar,354.0428593427033,356.20533945286843,338.7138167864896,361.85637304244426,349.8027148681955,349.08391701329964,343.27625294176187,354.9917193067586,361.15460573307115,354.08824136013,363.5189919209791,351.3544050046865,364.4032319512624,366.95917361720535,368.2447161213608,356.00342119832766,357.5303708026347,377.4674288693397,358.9072606259716,365.37145101268953,381.6480539662694
GR,OCGT,166.31979239496823,197.26716223588065,218.12019771864166,112.15781728758833,205.95058491292318,236.8098248114058,190.57934571848614,158.2140999804565,177.20330709441873,154.14487516950783,119.5833749359708,239.41257875060458,133.95791259751186,169.1323040682457,163.6129225246232,123.407878427652,103.24852909351118,253.22532521410628,260.5937595043928,111.45373389263585,190.2599781805668
GR,offwind,435.7109804543092,407.87444517765897,408.74369609202614,425.450957582964,422.74639566792473,439.9918485582657,409.26299430724293,430.0909128103346,381.4774286583769,420.97874606832136,431.02262448542547,389.2758159577776,409.16776293989267,418.41667525150086,445.4087333563326,434.62483642133446,402.5493693449878,409.1176520000289,414.1122885463979,422.579233832472,436.24391888627144
GR,onwind,194.12975413936624,179.89148617780185,187.2333516509234,187.4208756749539,187.94166575524014,189.3612685683131,182.08676823198292,180.53018939306645,177.0426155983361,185.50518186447988,186.84371537685618,191.04681963016574,189.23401029089365,189.4298326109594,192.70154139657214,190.51791967602202,184.7734667128302,187.59590815485126,188.93547301664432,188.66008986409065,194.38707259983977
GR,ror,0.0,0.0,0.0,0.0,0.0,0.0,0.0,0.0,0.0,0.0,0.0,0.0,0.0,0.0,0.0,0.0,0.0,0.0,0.0,0.0,0.0
GR,solar,216.90448936158487,175.13143079857178,173.38031080918714,174.6697524822826,229.7979360277806,175.53802283011748,232.45026853524155,228.55231567956642,221.49342277925388,180.64686271689573,231.24934143642128,174.67808222096926,175.10224257004614,176.61873267354542,176.47750339347527,234.38346216171945,176.2781402801283,177.58877943069774,176.3078613712747,230.36989095537922,177.01190801159657
HR,OCGT,194.3271420955691,196.71129822116,222.0569393067649,149.93206171906888,196.1161990485319,134.2101798321415,110.31956229744746,152.61793689127848,160.57729700079847,144.37514872771592,124.01663087911035,177.0332393386751,147.92065090425226,180.66574358714223,152.37255178591195,137.36286834212848,121.05096286785441,221.00046239305368,230.00087621768233,153.86298063190142,176.9505319216158
HR,offwind,511.04791579850774,503.49144144266137,475.49566985902675,561.1628425558517,476.4462165361149,490.94824617649,484.3918679962012,621.2093766485434,509.4263629288618,499.16017525013723,485.30632206109794,466.57541274501256,509.44346240480934,481.5876856526077,495.2337364807234,494.0840245059809,486.3434580871788,506.0893296860723,493.8954969972583,493.9158777238346,520.0708899867151
HR,onwind,283.902332632669,277.73555336174246,270.5548518331777,295.7213393449364,274.9425753374982,274.95043779320315,269.9392052319675,272.1651205185567,263.1689776582954,276.0309386818827,276.0851104107688,272.19238180808065,280.63656463987945,266.42473258593105,274.84549160810184,277.84009310070087,274.1105775397246,274.02306924892247,266.5512670332376,265.3953424128774,283.3964472099315
HR,ror,0.0,0.0,0.0,0.0,0.0,0.0,0.0,0.0,0.0,0.0,0.0,0.0,0.0,0.0,0.0,0.0,0.0,0.0,0.0,0.0,0.0
HR,solar,245.08889032660727,250.29717118106478,206.65673030638848,197.38422420335792,248.17507150851696,211.17598713671376,259.8528785522195,200.17072842596656,235.34591484064183,253.03693980607846,244.39211404735556,254.68377309401396,251.66154279350027,245.553988068561,255.5164003674078,254.40114842940184,215.53917109130117,203.03273221437712,204.24200451331956,205.1897955978109,205.0104291932864
HU,OCGT,213.2954858098658,224.697284607286,236.63399729915483,156.78271775869854,233.42347470412136,229.71569470824915,163.54300858473317,161.82543442227188,147.9582025291731,165.75472973899684,182.62226780847493,204.93021331743125,155.23684694649336,221.98528818880084,148.9954472807148,160.06739628681706,177.21608625923838,219.09735576709411,226.22589546748554,188.30244158749196,226.67042590019778
HU,onwind,376.3830997095881,354.41167917289033,337.98635814813764,389.88958621838793,352.1809586744473,349.14914486893036,345.34975890163923,346.4111292036782,344.59211744675616,353.0872125542175,350.8375239797112,343.627033704801,353.6459226078666,345.41843009135283,343.3440198219635,344.2299039903854,346.9171380286162,353.79184647391725,347.19042769563805,332.85716321349935,371.5040911569779
HU,ror,0.0,0.0,0.0,0.0,0.0,0.0,0.0,0.0,0.0,0.0,0.0,0.0,0.0,0.0,0.0,0.0,0.0,0.0,0.0,0.0,0.0
HU,solar,251.60176198822975,258.6661755809195,253.73076826937742,252.75018080804944,263.426191768107,256.3846952478399,257.47379029634675,254.84063618609116,245.6454265792917,259.254579628769,258.3318955144675,256.0199392796717,270.17466987835377,254.5136286301231,274.280597366889,260.71603799316796,254.09152289811226,256.1540367148627,257.90992790231155,206.84411614474416,260.2256888138522
IE,OCGT,191.68063031063355,117.74817387058799,227.639974013609,148.61526801453584,202.9111962362059,138.8206791101484,129.0422593447096,127.73291198957016,123.41935788051161,185.77439794299485,131.01134684154678,218.69943457186,106.08751712452931,220.7183255025084,118.95459584350255,199.4215676057285,151.64056772444476,176.35333597660622,149.41904199935,120.71674498940266,107.45971964041964
IE,offwind,254.17192807161288,258.8652933874936,239.89155831363695,261.0881108654698,258.15869124170416,260.8976043893023,325.3962533440728,269.73225502689,238.21827655384627,248.8229123251391,264.44116520970874,236.65100734605963,250.8573893024118,258.5225777262837,258.7126718139073,254.4068939536037,249.60668633756407,267.7882993744654,245.84896025542844,257.8464876651704,278.6299275717976
IE,onwind,156.33347859913286,154.36753442049172,153.76342850771104,154.54343557587535,157.14764639385672,153.24464957530984,157.64747801201105,154.77790177922768,152.53820560316422,157.2079580472902,156.64807410767344,153.64064194387763,154.8710035516672,154.32181285982563,154.70221540940835,154.67082536974934,154.343215668708,157.82230115840736,156.03943445592935,157.43390648930924,159.00664301305957
IE,ror,0.0,0.0,0.0,0.0,0.0,0.0,0.0,0.0,0.0,0.0,0.0,0.0,0.0,0.0,0.0,0.0,0.0,0.0,0.0,0.0,0.0
IE,solar,382.1931430090641,387.0888562199401,377.9863337974686,405.3209554187134,379.50176094458044,387.56504294395864,371.6838794619128,398.75468445702063,401.8698991291181,398.10604545421876,389.66147393254863,380.8356976877705,406.19717173516943,405.5770332252999,408.0362059628944,395.3316053640706,394.5887096699883,413.52820483738594,408.8229416315272,396.7671259001825,420.13932984270934
IT,OCGT,242.66911467941162,280.5016595361925,262.6601902531022,234.54474789026682,254.16546586222086,237.27895482988518,210.59743869912157,253.10910239098803,221.84465819496938,256.984100268552,233.87674369536754,248.6120883941177,223.81505787669013,238.80038374173498,194.36346609152687,297.9246430904724,240.21701079081046,238.78774519921217,219.30250009182907,248.35148660728302,247.8738483195656
IT,offwind,450.6632578893281,418.35890745963155,430.1078223003497,473.93568805696276,429.3924769321808,448.13428369464697,431.69452715558083,451.2621184137925,423.48079599927996,448.44167122817896,450.0369411201758,416.59325185180535,432.86129302539274,440.9970043064257,468.74340695384166,448.1787315475856,438.87080015524106,467.8570230415715,451.65194782574974,466.5040332961113,488.12214610281706
IT,onwind,184.06198371777225,178.10582520620792,183.96542721075824,194.73607658757984,180.72201363492016,183.88771717244674,179.51845251771988,176.43279260933923,180.7270790659557,181.25340373842894,184.19787218689535,190.19628383985815,182.63187350870564,184.8228522581858,184.19904113720688,186.86528353590924,188.71796469374434,194.04383483040976,190.86174563106127,191.39745363546595,195.01737422153127
IT,ror,0.0,0.0,0.0,0.0,0.0,0.0,0.0,0.0,0.0,0.0,0.0,0.0,0.0,0.0,0.0,0.0,0.0,0.0,0.0,0.0,0.0
IT,solar,189.12587786159844,191.00316133357018,189.08061069231783,190.5779703950136,189.6022392849188,190.9003613889154,244.7469013827713,190.352399137982,189.18723302142183,206.32870814856213,191.99434789895147,191.13022280752187,190.74951893565668,191.8531130714572,191.34357099708097,193.73067047953873,193.5002467530479,194.2343270720773,193.3082230888452,193.34724657093125,192.84337734530112
LT,OCGT,159.0896446610708,113.1193462191211,173.6928036589099,108.79998454129908,165.6821086874841,161.9769154804267,133.25706962013032,148.49632466177826,114.68156974012375,140.14126982865463,109.21498486068252,146.0041475344062,100.73257572695991,153.56462747384893,107.92118067965345,144.8950280530913,113.25117874708926,156.79538617142444,147.52156649142796,149.16463349032924,121.10358241778238
LT,offwind,355.31591757546187,371.50139087546995,335.6522878647717,380.6794606989993,346.81335006388514,334.8456260897821,358.7172712486798,356.7442196039402,316.9361389521613,331.9469029620893,330.4098145149794,313.40245701907577,329.9333225659023,322.0954383982979,307.0121881776759,316.07740093106054,312.32265856438966,342.3607681337973,309.67487249985976,318.82994886613784,325.1353182126427
LT,onwind,223.81990064686588,204.00145819329327,246.87476160303024,260.3282880697657,257.55080341431164,247.19048020451962,229.87437991965436,214.51838181233643,230.79438544709473,244.11590619135166,247.87824545924192,225.4995217173755,226.4245099519912,248.636527943268,213.89647308618268,221.41409009791738,236.43015310418812,267.7135567128087,216.0503662813215,242.25211647567045,220.23417954854364
LT,ror,0.0,0.0,0.0,0.0,0.0,0.0,0.0,0.0,0.0,0.0,0.0,0.0,0.0,0.0,0.0,0.0,0.0,0.0,0.0,0.0,0.0
LT,solar,323.67430710108334,327.9053900595105,303.92780957017555,312.9549266853085,309.1743165725118,299.7259838396681,324.06870825980764,321.8393891530532,319.18263033953446,336.7510316704155,326.38921664197767,325.9539167104422,339.0994831453639,336.43823400124097,352.1220148253575,349.638672759306,345.97951186584544,350.1413970018741,358.9019104317214,332.1568299866602,363.4835665604202
LU,OCGT,117.94925374910423,137.52625278559807,119.03628903716223,115.3835215406296,123.44935248999613,112.87831126789496,116.12273382807332,128.49453493953808,113.35170003045071,114.61948463763758,116.90108883148291,116.19472442148044,112.39729723342468,122.13853429095734,112.90112221330178,110.8609377009372,109.81224029538761,122.52346932046801,130.78442329080286,110.73752480276875,115.33198097857895
LU,onwind,241.02473276357637,240.8179519331097,230.97840730882677,259.9020777302926,254.30725818463998,218.66288638546587,262.62961786963115,245.02636622545347,244.40678987632222,228.0447402568433,244.42843194742463,236.3904815718481,197.20520002579246,254.73787931113063,243.14272886156053,237.1075089320431,252.19121968136417,270.8347461366429,231.5897004021292,228.8698795667001,235.8924340621738
LU,ror,0.0,0.0,0.0,0.0,0.0,0.0,0.0,0.0,0.0,0.0,0.0,0.0,0.0,0.0,0.0,0.0,0.0,0.0,0.0,0.0,0.0
LU,solar,308.50086453686947,331.3516037333442,303.4985304875318,320.4565831172016,312.4178092321455,310.2695290285758,313.275673044187,320.0470861137249,313.5844563333795,312.51577713305363,317.26753917331,318.819308245731,331.12356938458805,314.47313428173084,329.0465125985957,323.2770870084491,310.1079460283286,328.04263880455096,320.0152293067615,318.89528513987227,327.2394767127996
LV,OCGT,173.82308979438773,114.97019038920877,179.39486648065733,127.23325914860585,152.13009997349556,151.01926697986633,136.1912375375788,157.1696824268859,116.82339965346057,130.15152170594317,117.65251576230325,145.56793357794984,103.36638005949955,158.92291394469802,122.11935316042775,163.3771608622516,114.70763192426188,145.1906794106185,152.12060127948024,143.947908267934,122.5113310541952
LV,offwind,373.3511196174623,382.1023312150235,337.76961699335527,398.11030949514605,362.81436080600685,348.27479875317067,359.00840429801536,363.2844297097096,335.8909071757538,342.74373744214967,348.51408554653085,337.68416337770077,348.36695536263676,334.1880811132233,326.7194163686385,328.52523421736834,332.06818209870994,355.31615390567555,332.4225985219966,326.89835936098257,345.0567618164468
LV,onwind,219.09733038134942,218.06947056699795,219.58501735813422,225.58372918934091,221.96870578478632,216.46902458720638,231.0482037387414,210.86873447406725,202.52795082918257,212.9879373941622,222.2462846626405,228.0421816411608,213.3203171952532,231.60900378709286,207.4073044219294,220.84447711421018,216.11804647607138,231.55590298577613,228.44489478228235,215.76619908112934,224.8878140169862
LV,ror,0.0,0.0,0.0,0.0,0.0,0.0,0.0,0.0,0.0,0.0,0.0,0.0,0.0,0.0,0.0,0.0,0.0,0.0,0.0,0.0,0.0
LV,solar,337.29877351889354,341.29327255382333,310.7724764593654,321.3798423665412,320.96551956467425,307.60603771438787,330.9414996141789,331.55445974583506,333.30981631940017,344.20775797609923,332.8227174945509,339.5604027034001,342.26167616826217,341.3281104772671,367.72412401762676,360.8090213783006,355.0703610670554,356.07885067589905,369.1304815068031,338.11362974829706,374.42060542419676
NL,OCGT,204.36357568255593,233.79350131139933,245.799496653028,195.40339845852318,238.10276425340123,241.5586014551281,197.75937956203813,235.6319288461602,204.18683448840883,196.55358854942463,205.39968228290002,217.62760355565672,189.1384805359271,213.8859179452633,233.07586052899055,252.57924345884953,209.05086599827868,220.0836289997841,204.65031793713814,224.3489622155145,217.89546967826556
NL,offwind,282.3167564234503,282.8645589941923,275.6818154381324,297.87026891469617,283.6477011000118,276.29182366564646,294.21342986296503,280.19198822823614,277.78559398403695,272.2521182848416,283.5613351109511,259.6710973726287,274.97963583107514,277.7407741076612,272.15792463989834,272.25686964625976,268.20044423216075,286.75388001432236,269.0095525837181,277.97406025668755,275.307122806246
NL,onwind,225.03199276838143,228.82762056731707,225.41110338185325,241.5440016752024,237.0905132798285,223.56655153966454,249.54447165054822,232.69232787841875,231.76601475923124,223.31599874310047,232.34135959366398,219.55917120929328,217.63154788691867,236.29844398955376,180.8734752427983,222.38716463782083,233.3843830374943,249.9178229088884,219.16321648242666,227.60015102481933,225.0508645503846
NL,ror,0.0,0.0,0.0,0.0,0.0,0.0,0.0,0.0,0.0,0.0,0.0,0.0,0.0,0.0,0.0,0.0,0.0,0.0,0.0,0.0,0.0
NL,solar,333.77724806362534,348.630252402035,327.9814184559541,340.16952756364896,340.8265296357389,326.07288715968724,333.679109747895,338.9959137814954,341.47342724775893,345.9537910223288,339.26717025278174,338.2624421242764,362.46146729593795,343.51294500495504,364.5835833682338,349.40685934207943,342.0499548387524,358.17729449305716,350.9489039320346,351.13250143927223,363.93682499169023
NO,OCGT,246.27780669353083,163.34607382422286,296.65219982737773,117.34282629717573,286.1536876641284,261.76559170874197,117.1812692886085,117.72705738842805,114.78143556101782,200.11006846768953,115.4559567053983,241.0575461539603,106.13969347111471,167.33101695814153,116.64097752859999,287.24974026700085,122.52538118684184,233.47744717707607,161.69136308554323,187.23878605921172,174.38833332551434
NO,offwind,283.53621248305376,296.94392203350344,307.9458289865317,311.3202069693248,306.4173779377858,320.4356996337548,302.4072880576765,308.0791524179487,286.8910014308629,318.3600223325283,326.1260430888552,285.602730636378,306.1792776208616,326.2487374637454,329.84731396379885,329.6562776389664,309.6404114536719,296.11746837545985,311.7030958883157,320.80053069238716,326.4850206903118
NO,onwind,138.73895359599217,140.3532271426469,141.92824837701835,139.34448202929383,142.54044441710997,143.71511344888276,145.14230502078402,140.80167004170272,139.71889654000964,140.01531920234936,140.16024545311137,140.9500231331797,146.77018851909975,138.7247959189357,141.57558021252422,145.38932672720918,145.11050081274433,142.50324225701758,146.6316819159218,146.6423145314436,145.4136758441689
NO,ror,0.0,0.0,0.0,0.0,0.0,0.0,0.0,0.0,0.0,0.0,0.0,0.0,0.0,0.0,0.0,0.0,0.0,0.0,0.0,0.0,0.0
NO,solar,317.56829212020205,317.7001786374913,304.21877662660376,337.8277498519573,322.5222296339511,321.634491990495,337.1401484036901,326.2941721335673,321.5855550141616,326.9260840206712,329.94053554573014,320.76525702477335,321.16166541433614,339.5576764717624,337.54961283178545,346.4554923310499,332.33334864333415,367.13421168667384,347.5079884028371,367.5451692263112,366.77041955646166
PL,OCGT,193.5696204679048,219.15781856837486,237.87928965965435,154.31798581178225,217.96743280652097,223.84066306605322,170.03775549515123,169.88194559188412,155.44465156058104,178.5688881770838,163.51388096935605,193.7557006253816,138.33484902019936,173.12722094699356,155.71281356715,229.85834172524847,132.26505173606964,203.0209923421631,198.51900272464127,184.08445024150632,180.84081854314613
PL,offwind,324.1825597347031,319.4649665451601,316.86545150886474,355.22889749941595,330.6775296788714,316.4641185217979,325.6120669769127,317.5874562539089,296.5333834243767,302.26667627990145,310.85718356975667,288.41599601183225,296.13886605956753,297.83867771293524,289.95279548118555,301.56057751484224,294.71831873070187,316.52285140094983,287.1295543839772,297.11469858463767,296.100322704669
PL,onwind,260.379395896988,212.57294274469595,223.32564306739366,279.1399607709907,214.37523780688616,255.2122311979104,221.35996533607172,210.20842787967362,229.0806286567976,251.78460743343874,222.97541978157548,214.48868143232696,214.6668813779032,219.01948394219045,216.35670988940115,230.0507068460228,227.1957618575963,266.0351261597025,214.53716949692375,221.41973905512853,230.19221419047517
PL,ror,0.0,0.0,0.0,0.0,0.0,0.0,0.0,0.0,0.0,0.0,0.0,0.0,0.0,0.0,0.0,0.0,0.0,0.0,0.0,0.0,0.0
PL,solar,293.2841925715579,315.4632118951644,289.1837600119028,296.8986804285851,297.28066539760096,294.9279446035744,295.9239164232239,301.94368474297937,300.5728938222279,310.52506797151926,310.9339624047924,299.4313977252732,326.50029724892676,313.6183457715896,322.062930406839,316.8471335515034,315.67786153425936,320.56515041613915,336.178144759672,313.6094429715688,331.51574641889283
PT,OCGT,111.58806854480079,147.1172128017672,211.3899399695438,124.7582966797326,202.2796672310758,184.04583516679375,132.5915446408205,154.27912636135036,169.11613898055464,168.5457139917444,142.5008323485428,204.17055390465333,137.1328435422508,223.1749638799545,177.01586464380185,194.33926171417315,115.79135534852864,154.97258310780455,210.3998189563914,188.39026333629647,134.8038198925979
PT,offwind,312.8950730526731,303.01440041797764,299.25596662627225,299.0383704765659,301.6355146060373,298.57012599209855,302.1355156410891,309.32003292689825,292.8391905043046,292.4588636165097,289.78311945037444,282.34529195286046,295.5117190465764,284.376639879227,294.1617371256742,285.26596569426533,284.8116561076112,301.31844631085,286.69037940830066,298.2226511159152,295.2882826493131
PT,onwind,196.41835146084742,194.63126303812206,201.85427231653298,211.47579335046544,198.9907773484895,202.87248536573344,200.4233802465359,192.56103493833248,201.50030687455018,209.25648047623866,205.01836058860718,216.16992273866148,198.2919283430754,201.8318101431186,207.74096411868044,201.27741552292915,206.9923075242878,206.45176170188086,211.4626554144386,216.3754243155053,212.13758530358348
PT,ror,0.0,0.0,0.0,0.0,0.0,0.0,0.0,0.0,0.0,0.0,0.0,0.0,0.0,0.0,0.0,0.0,0.0,0.0,0.0,0.0,0.0
PT,solar,249.7412372702184,196.5971464845921,201.19231405067788,199.93789566363188,207.65853398610784,198.36030997028638,202.57784039004756,199.91287755448488,195.48153811564848,201.52044533539132,200.0806400136119,197.35423782147217,197.52071038373046,196.09461225657924,194.57689876616186,196.77413620050774,197.13067950922445,194.87491444737856,194.58836541333636,195.76293271668968,195.34451796826377
RO,OCGT,194.46862972074987,198.13285867489603,203.92156303567046,160.6995460952495,196.8459143207651,219.38551564886393,169.5329539786953,159.76836705891472,169.67846678214462,165.22834274669285,121.26578056220546,199.68439216164575,159.49064756533514,220.42269498761743,155.71882078302428,133.82323079090932,118.65418066431532,238.5195789244979,240.1024832612088,161.55012898439344,176.97040223136557
RO,offwind,406.08542302433773,401.0807396406037,369.46865240973545,381.36794847953166,388.1836947050204,383.3357141164628,373.25319579398155,370.8495299180264,354.9028248384164,361.0604552530262,372.2543385197032,373.315640363066,372.9860626950856,354.8376742039346,396.97846840620247,379.5927687067422,356.82709147927255,371.6730703451449,355.28887861957725,374.93094052630715,404.9104353565101
RO,onwind,301.6753602984016,248.0543367754364,263.89512459752575,295.28333373117,307.3120813289352,277.5876120494392,285.7849609403714,283.3244378534733,264.56994183571913,285.8503599480074,277.072944687686,287.23161202199077,288.0850375246253,263.5062706371322,283.0972376088803,291.27476281634745,258.1341264203017,286.5364999242656,271.94587618132033,288.01708906658894,309.87337736415617
RO,ror,0.0,0.0,0.0,0.0,0.0,0.0,0.0,0.0,0.0,0.0,0.0,0.0,0.0,0.0,0.0,0.0,0.0,0.0,0.0,0.0,0.0
RO,solar,190.32795417202357,192.41475082902022,189.83675441269543,188.59078410103015,190.2407024495905,193.92811025907133,195.5716749483138,192.95486903479642,189.15996716496295,195.11929180951907,193.0439569239145,192.41762006281817,195.03606341864494,198.64613635501726,194.23092332625959,197.99936764674268,197.4479005497759,198.4706312287777,199.6584495308914,199.90355029324968,200.39804950063055
RS,OCGT,173.3779543959129,191.34968476303916,208.82587829906933,163.4176414241448,190.8640190617822,199.68238094441398,144.95710659824718,165.07968507951227,159.58686714213508,145.80716371368905,146.3604684452668,200.53510507827264,150.2658924065171,162.2135136921903,151.37650361601985,133.53068973201923,143.4111500945765,191.94600929089376,225.0981119026576,142.80688897065988,173.0298425254091
RS,onwind,272.8443186727039,262.7101002393679,262.48593308420607,283.940242243395,274.74514030903674,269.06993379779726,260.9480124136354,259.33242496866944,257.5705919963721,270.23156661818547,259.0417784905005,279.42554420451694,277.2657686386454,279.24020597213587,282.0293884788562,275.9468269642908,274.5639645522677,263.5925998710331,273.4006719271291,284.6327262631697,291.20698098605715
RS,ror,0.0,0.0,0.0,0.0,0.0,0.0,0.0,0.0,0.0,0.0,0.0,0.0,0.0,0.0,0.0,0.0,0.0,0.0,0.0,0.0,0.0
RS,solar,191.56870666305454,193.80872627783984,193.11685826712358,191.18747716497086,192.65129552394407,196.70898500704493,255.6305265933159,195.448260503071,190.82950017012377,197.61771229772722,193.756021200775,251.61490541356935,196.33254921898723,199.93653558608804,252.06607577496754,198.4894357115802,198.15602017153645,198.67631770967472,201.52678716273397,200.01919542653877,200.49606012502707
SE,OCGT,239.6303920675211,157.2271588629432,284.4701461201559,113.76396518295911,270.9211180291812,251.08955210201125,162.88492125954755,176.1020146836614,111.28038807695626,191.63589408346704,112.19802441380287,225.86400093115012,104.13643380888242,161.77595189571096,113.12176990860532,263.51740377620325,119.93599877433655,223.1190530048426,158.51750323006738,180.74382148262882,169.8719338529577
SE,offwind,389.7488882830238,428.09059452878154,368.2947076653787,484.35583626546475,390.67208917090676,428.04890322759604,387.086745719647,377.45603484192634,360.0862332823733,395.2765710113903,413.60181426395974,337.0635119184356,355.6081240891461,390.6901028106704,366.94188648384994,373.866488027968,370.9754751425413,386.8774314756393,347.7359137665027,363.7573479194308,380.2244227455505
SE,onwind,245.3378340418175,253.02581869314682,233.78142820167358,251.51215226640474,229.90906666170815,252.37626547876502,248.93017339309444,245.58849459505964,239.31220371656048,240.2926908082593,238.51514648485096,220.34807023774295,253.35001368548313,229.73579731133168,255.11248667868477,249.66214098096157,227.53181282338892,246.99333577515824,230.91073930442832,232.63806671368764,233.6703464783773
SE,ror,0.0,0.0,0.0,0.0,0.0,0.0,0.0,0.0,0.0,0.0,0.0,0.0,0.0,0.0,0.0,0.0,0.0,0.0,0.0,0.0,0.0
SE,solar,332.57856517881766,332.4264980432679,324.1333918902751,339.22567345775434,324.15634804976827,320.1418295071878,334.2928990712201,332.4546855135047,330.0843034850329,338.2173756169029,331.59877001935723,331.2696457148004,338.6272128477429,348.7046481067346,362.42637438515857,353.7482996577317,351.15530946560267,364.2914341226722,360.53217938324354,355.4404946404518,367.3166999280843
SI,OCGT,187.76288395764178,184.40621682076147,196.9640914027769,145.21729588455315,187.02028920744704,151.42871789567914,135.95642228334208,150.22168043793187,151.7673973014064,150.65359730184443,131.19394527397608,164.9707685095126,152.30685415222842,174.93411827478673,147.47880934383244,128.16766032644946,127.83635058006446,205.7770704271739,214.74767335193505,146.7283728132913,165.00942142761943
SI,offwind,758.058785129774,746.6566362923173,642.7147026913674,851.6833744090013,600.2001373597413,709.2212157109769,675.8895760529886,740.7522837078578,762.6366596170844,738.4066454499141,669.2724456608726,536.2610922307903,773.616928693284,710.165087388177,717.3664805587406,699.9575006063826,741.2672456937607,760.12102965337,669.6290703011632,679.1987512553355,724.0565788713559
SI,onwind,282.7135277503952,285.26166178551705,267.5783860098753,295.6514673871066,273.90916208098446,269.3476096571497,260.48386709978865,278.2613576801578,270.05377771795503,277.7755172828216,281.9256574932208,265.30281349259377,280.1168014864875,265.8489523910567,286.7925118089922,274.56030095351656,280.7809241236575,278.9605089409585,273.7361953365705,260.0010312281307,285.105365366172
SI,ror,0.0,0.0,0.0,0.0,0.0,0.0,0.0,0.0,0.0,0.0,0.0,0.0,0.0,0.0,0.0,0.0,0.0,0.0,0.0,0.0,0.0
SI,solar,248.9354837620249,261.84496125260483,219.30696877890693,204.16664776604736,260.2448708702798,209.35010792497326,258.7819875939019,254.39525250209982,241.45439326281448,255.42989127497586,255.63853518837436,255.08566577112595,256.11923551691854,251.78647599494832,259.3411464169922,222.21512446213657,249.76118952453265,252.65504884232243,254.41980238003944,207.10795675834927,223.53116598248448
SK,OCGT,226.085761364673,213.54279837668886,220.50523942164602,154.3641909045934,223.49287191768778,206.5370780060808,158.22368446922215,151.75519760442793,138.16753660139892,159.60645526987892,161.28423428222646,198.76892785129706,143.35525655862637,181.92368387607027,151.85122759987155,159.13057048125125,138.52036481884056,204.95439159030937,223.7259489437101,171.27621936644854,183.81323535891025
SK,onwind,273.8124376348029,257.85861816727595,254.39162381765684,281.0250168476307,235.20905415936753,251.87564052397283,252.4589127662338,221.39270581925118,237.47727676550625,233.3733013727638,255.2229266415808,249.47269603943653,257.9767946080493,244.3437284239156,250.4646008903181,235.6352617031331,233.83046135304156,260.1655959175118,252.8376670389026,245.3999644565421,265.57656707404533
SK,ror,0.0,0.0,0.0,0.0,0.0,0.0,0.0,0.0,0.0,0.0,0.0,0.0,0.0,0.0,0.0,0.0,0.0,0.0,0.0,0.0,0.0
SK,solar,202.1696333790401,203.01819673666125,202.4445620239383,199.5733389191977,203.34647390477895,205.81155441848682,205.48632254310476,204.2276547505332,199.04874711100445,208.11912990008267,207.29606789570903,205.5206778304453,210.8620790902094,254.57341942144876,214.90965718115658,211.94631550349422,212.75159675088844,210.74899443965916,215.89662409491518,212.50045153871415,215.62032856883377
